review_id,source,date,rating,version,title,text
gp-78ff44ef-db10-4e6c-b452-70a34dd14916,google_play,2026-09-18,1,5.36.1,,Charged me three hundred dollars to upload a set of plans. then couldn't even access any of the features. have to update to premium for that.
gp-20e085d7-1f84-4571-8d83-4d41a4889ccc,google_play,2026-09-17,5,5.36.1,,"I took pictures of my house and it rendered a 3d version down to the unfinished side of my workshop. It's easy to change the siding materials, brands, and what colors each brand has to offer."
as-14545652154,app_store,2026-09-13,3,5.36.1,Project suddenly vanished,"I spent most of an hour taking insurance pictures, following the prompts. Then app asked if I wanted to “Add pictures “, and I said yes to show sprinklers, hydrant, etc….and instead I went to a ground plan function and all my pictures were gone and I couldn’t go back to them. Kudos to their customer support, who were there without a wait and were able to confirm that the pictures were received. But please: don’t scare your clients like this!!"
as-14534457479,app_store,2026-09-10,1,5.36.1,Stop trying to fix what’s not broke.,"Hover has no sense of keeping a good product good. I constantly have to go back to properties and retake photos because it fails upload. Yes I have upload on WiFi only turned off, yes I’ve uninstalled and reinstalled, yes I’ve force closed and reopened, yes I’ve made sure it’s updated, yes I’ve tried refreshing the queue in upload manager. Every remedy is well memorized at this point. 

You are failing contractors at a high rate. You’ve increased your pricing but service just gets poorer and poorer. I’ve had to order eagle views. Because I spent 20 minutes collecting data and photos on site with a potential client, I don’t want to return because my tool isn’t working correctly. I have been using eagle view significantly more as of late l, because your service is some of the worst in the industry. I can’t describe how irritated I am with your app experience. I would rate zero stars if I could. You have lost yourself yet another loyal customer. Not that you care with all the money you essentially steal from people because your app fails so often."
as-14532720668,app_store,2026-09-10,1,5.36.0,Way too expensive,"Hover works great but they charge way too much for independent sales guys. 

They'll claim standard homes are ""complex"" and bill $150 for an exterior design unless you pay them $1000 for the privilege of being more than standard 

Definitely not a product for the independent contractors"
as-14507722508,app_store,2026-09-03,1,5.36.0,Sloppy Instructions,"My insurance company contracts with the app to get a home inspection. The app is not set up to give complete instructions, so I logged in with Google... then nothing worked. I asked the help chat and they said I had to use my original email. No one said that, so this app wasted me at least an hour. I'm disgusted and annoyed."
as-14478150947,app_store,2026-08-27,5,5.35.2,Insurance,This app is very user friendly. I completed everything the on the first try.
gp-bd77146a-7678-4861-b264-f9b6b0bb38b1,google_play,2026-08-21,1,5.35.2,,Wow so many bugs encountered with about 5 minutes of trying to set up the app. This is not functional.
as-14433635502,app_store,2026-08-15,3,5.35.1,Listen to feedback,"New design, no one likes it and it is buggy, please return legacy"
gp-e85f0edc-c193-4aec-aeb3-4ef7ccb9aced,google_play,2026-08-12,1,,,"if you have to create an account just to see what it does, i will never use this. other reviews say it requires an internet connection to use... another deal breaker."
gp-b2973f12-6c23-4557-bb1a-0a1e02166008,google_play,2026-08-12,1,,,app won't upload picture. takes all over the app. I just want a bid on fixing bedroom leak.
as-14415921943,app_store,2026-08-11,1,5.35.0,Unwieldy and inaccurate,"This app is absolutely terrible to try and get accurate dimensions with. If the room you are in is not a perfect square box it is going to think that everything is one large room and will not differentiate columns from walls. It is not user-friendly and is wildly inaccurate. If you have an open floor concept style home, it cannot accurately measure the room because it thinks everything is the same thing."
as-14415660010,app_store,2026-08-11,1,5.35.0,Multiple issues,"The app fails constantly. And if you want to get interior measurements, don’t bother because the app constantly shuts down and does nothing more than waste phone battery."
as-14400699552,app_store,2026-08-07,1,5.35.0,Waste of Time. Uploaded 50 pictures and only 5 are in the report,My insurance company asked me to use this app for virtual inspection. Followed the process and uploaded all the pictures. Only the outside pictures ended up in the assessment when the insurance company needed both. And these pictures are taken through the app so I don’t have a backup aand have to take them again. Called support and they are unhelpful. This is not enterprise grade solution.
gp-c692853e-589c-4328-b326-669036771c30,google_play,2026-07-23,5,5.33.0,,We use hover for those hard to measure jobs. Works well after some trial and error.
as-14332572432,app_store,2026-07-21,1,5.33.0,New to roofing but know garbage when I see it,This company is a joke.  Rests on old tech and promises not kept. Hours for jobs to get quotes.  Horrible service.  Bye bye
as-14304404902,app_store,2026-07-14,5,5.33.0,Adjuster/ Contractor,"Best program out there, consistently great results with great customer service."
gp-070cedfb-8755-4059-893d-ca06446e320f,google_play,2026-07-09,3,5.33.0,,the camera app shouldn't expire after every photo. just let me take a bunch of photos.
as-14270441903,app_store,2026-07-06,1,5.32.0,Not much value,Difficult to use. Told by the Travelers insurance that I had to down load pictures to this app. Then what? No way to link or send information.
gp-86ecbfe6-f2e1-42f8-87a6-5bd23a17479a,google_play,2026-06-28,2,,,"Interior scan kept saying to keep phone from tilting so I kept it straight and ahead like it said. 2700 sf home and it said scan was unsuccessful, not enough flooring and ceiling information! what a waste of time"
gp-cddf22c4-308b-45fb-8cfe-1e3b73200695,google_play,2026-06-09,1,5.30.1,,"horrible app to get into every review I read was spot on. they used a terrible program developer. once someone from support sends you a link to get into the link ( then you can take pictures however when I clicked on ""ADD"" more pics it started me back at the beginning. all that being said JUAN WAS A GREAT HELP!"
gp-f44934ad-ecbe-49e4-abe5-d2ab9e408761,google_play,2026-06-06,5,5.30.1,,"We only had to use this once, to give an insurance adjustor our home dimensions. Had to walk all around the house and take 9 photos, but once completed, an accurate rendering was made quickly."
gp-b7d203cc-3ed1-4bff-92c7-f8a1595d4533,google_play,2026-06-05,1,5.30.1,,snap a photo and ai tells you what it would do. NOPE. i wanna make a floor plan and build a 3d walk through of the building
gp-caa13b4e-5db5-471c-a1a2-eee7dee178f7,google_play,2026-06-01,5,5.30.1,,"I've done hundreds of hovers over the last couple years and our architect has cross referenced the output with actually plan takeoffs for quite a few, and the results have always been great. This app has been a game changer and huge time saver in our industry."
gp-64dfbc40-8b4e-4d97-84b7-ec0065052a39,google_play,2026-05-30,1,,,Dont waste your time. I tried to give it the benefit 3 times.....NOPE! such a great concept but AI has outdone them.
as-14116122047,app_store,2026-05-28,5,5.30.0,Great app,Been using it for years but some of the new stuff is great. The 3D measurements are much better.
as-14093979248,app_store,2026-05-22,1,5.29.2,Another scam,We signed up for a pro account for $99 a month. But that doesn’t include anything. That’s just a fee. Then if you do a job it’s $89 extra per job. Plus if they deem it “complex” they will add another $59. Not transparent at all. I despise these bait and switch corporation tactics with subscriptions. This is one of them.
gp-df36dee3-b91c-4478-9f94-20663d3acde9,google_play,2026-05-20,1,5.29.0,,horrible experience app is basically required by my business but they do not have all the shingles and siding that are sold by g a f and CertainTeed cost me a five-star review the first job that I did not have a five-star review because over a 6 day. they were unable to get the correct shingles and or siding in the app but told me every day that it was fixed but it is still not fixed and I lost a large bonus due to the not having a five-star review
gp-fd27c6a0-fc84-45d6-858b-687eccf46a2a,google_play,2026-05-17,1,5.29.0,,needed aerial image. not offered.
gp-4ca39445-262e-444e-b631-3e0d0101dc57,google_play,2026-05-14,2,5.29.0,,"Great idea poorly implemented. All the export options give errors except 1, emailed support and they told me the others require paid subscription. They shouldn't give errors. The whole app seems like it needs a good QA person."
as-14056433749,app_store,2026-05-12,1,5.29.0,"APP NOT WORKING, poor customer service","I have been having issues with any of my photos uploading to jobs. The issue has been going on for a month now, and no one can seem to resolve the issue. As a contractor, this has a huge impact on how timely I am getting customers estimates."
gp-bb7d0e08-a332-426b-a5c3-8d14d9eb729c,google_play,2026-05-12,1,5.29.0,,Absolute Junk. A.I. rendered garbage that makes things up. totally useless tool. The app itself also just doesn't function and glitches out constantly/crashes/loses progress.
as-14053070479,app_store,2026-05-11,3,5.29.0,Soooooooooooo slow now,Back in the day hover was awesome. Now it’s super super slow it’s infuriating when I have other jobs to do. Especially with AI being so good now doesn’t make much sense
as-14021868926,app_store,2026-05-02,3,5.28.0,Frustrating,"App seemed great with lots of ways to check out and redesign your house.  Frustrating part is after doing all that work and trying to save it, the app freezes and does not save."
gp-b88b5847-976b-4ca2-b475-092a7b577519,google_play,2026-04-27,3,5.27.0,,"This app is good but honestly it can be better. 1. The 3D/2D rendering does not support downspouts. 2. The pictures have to be taken again for exterior measurements. Somehow it cannot access the pictures taken earlier. So far, I have used it for the 3D and exterior measurements. I am waiting to see what else is possible"
as-14000782433,app_store,2026-04-26,1,5.27.0,Can’t delete the account,I’ve been trying to delete the account or delete the pictures I uploaded and somehow it’s impossible
as-13967398665,app_store,2026-04-17,5,5.27.0,Made my job so much easier and efficient.,"Obviously technology will always live under the burden of. If it works. It will be amazing. So like any software designed to enhance and build off of. Hover has its strengths and weaknesses. This would be no exception. However the strength of the app in comparison to doing my job without it. Really separates a good adjuster from those who are just mediocre and those who need tremendous assistance.  

I am a field adjuster for a world leading insurance company and we utilize the app to fine tune our, already strong skills,  this has completely changed our flow of operations. We are hundreds of percentages more efficient and our accuracy is spot on. That makes the corporate leaders happy and it allows us to get to an assignment and get done. But most of all. It frees up our time to care for the customer. We aren’t spending an hour drawing diagrams or measuring roofs. And it really separates those who are flexible and adaptable in those stuck in old ways they don’t help the customer. 

I really like this app a lot. What a time it is to do our line of work with advancements like this."
gp-c6fba4b8-7659-47e3-8e08-14dba0c37b86,google_play,2026-04-13,1,5.25.2,,You can't come back and add your outbuilding to your project if you get interrupted. ☹️☹️☹️
gp-b7096fb4-6322-4450-8b42-0b0c959b33e1,google_play,2026-04-11,1,5.26.0,,"while I can see where this app might be very beneficial to someone who's looking to do a great deal of work, I'm just trying to get my damned roof fixed. and I don't know why I have to go through all this picture taking when the roof section that needs to be fixed is one area. massive waste of my time"
gp-942dd008-3d64-4527-b9aa-dd8828d38cb4,google_play,2026-04-03,4,5.25.1,,"I love everything about this app except for the guided inspection. the normal hovers the full 3d hovers all great, the interior inspection works great the elevation guided inspection works great but on the roof it's missing over half of your roof components, pretty much every roof type other than asphalt shingles and even then it's missing over half the types of asphalt shingles."
as-13892550397,app_store,2026-03-27,5,5.25.0,Owner/CEO,Top of the line app with accurate measurements consistently.   Not only have I recommended this to other contractors but have worked closely with their development team to have continued advanced features for use. Measurements are so imperative to our success reassuring a successful bid and ordering correctly.
gp-6bb65fe0-d2d6-48e5-bf5e-08af496a02b8,google_play,2026-03-15,2,5.24.4,,Terrible don't waste your time. Don't want to waste any more time describing how bad it is.
as-13839776368,app_store,2026-03-12,1,5.24.4,Worst use of technology,Doesn’t work ideal and isn’t made for all these new homes that are built without yards. How do you expect a hover on a town home?
gp-ac909390-3baa-4979-91be-edeab3c2b1b0,google_play,2026-03-12,1,5.24.4,,"i have an absolute avalanche of photos on my phone already, but i can't upload them because the app doesn't allow uploading of photos. it's a waste of time, especially because it's not a primary residence. i can't just walk outside."
as-13832705532,app_store,2026-03-10,1,5.24.4,Exercise in futility,"I paid the $75 to use this app to try and get a quote from a roofing company. They said take some pictures from different angles and we do the rest. Well the pictures weren’t good enough. There were shadows can you retake the pictures. I retake pictures but then they wanted additional pictures closer up, then measurements. After all this and trying to get what they need they threaten to close the thread on me! Poor customer service, rude and unprofessional. Waste of money IMO."
gp-7ed58ad6-e43b-4bfc-bd6f-60d7a017f937,google_play,2026-03-06,1,5.19.1,,"The program is slow. it takes over 15 minutes before a page is open, then when the page is open, then it tells me that it has to update me, and emidiatly follows a fail on the program"
gp-55a324ff-4076-4e5d-94c0-7e54905b37ab,google_play,2026-03-03,1,,,forced to use this app by our insurance company. it requires constant connectivity. it will not let you upload pictures already on your phone. crashed a lot. someone from their team kept sending reminder emails to use their app despite me writing back to say why I wasn't able to do so.
as-13803065469,app_store,2026-03-01,5,5.24.2,Excellent results!,I needed a 3D model of my house for laying out my Christmas light display in Xlights. This did a fantastic job. Couldn't be happier
as-13787548217,app_store,2026-02-25,5,5.24.1,RTR911.COM.  First SOP is get the Hover - GO NO GO!,"We start with the HOVER every time!  🇸🇻🇺🇸❤️ 
RTR and the Crew"
as-13773049443,app_store,2026-02-21,1,5.24.0,Hover App loss a few steps,"The previous version of the Hover app was perfect. If I have a project that I no longer need, I can delete it and the organization of all my projects was organized yet efficient. 

No, if a project gets assigned to me, I can’t find it. I have to go on the website. Lastly projects I don’t need can’t be deleted unless I call customer service? Plus my customers don’t like the fact that they keep getting additional text messages if the scan is no longer needed.

Cover support please make these corrections and bring back a more efficient version of the Hover app. Thanks!"
as-13757356548,app_store,2026-02-16,1,5.24.0,This update has ruined this app from a measurement tool aspect,I’ve been using this app since 2019. This update is over designed and clunky. Particularly the 3D measure tool is miserable to navigate and use now. I use this daily for work and I honestly can’t stand it anymore. Bring back the previous 3D measure tool!
gp-c106b281-9861-4b35-973a-48093d013acc,google_play,2026-02-08,1,5.23.0,,Freezes and crashes frequently. When it works it won't my accept photos because I have a lot of trees around my house. My insurance hid the requirement to use this app so I am changing insurance companies. They could use a satellite photo or street view if they really wanted a recent photo.
gp-4451fe05-690e-47d3-89d9-0e8bb84fe0fa,google_play,2026-01-14,5,5.22.2,,I have been using Hover for years now and it is an excellent way to get accurate blueprints with just your photos. the 3d models that allow you to show roofing siding and window options to clients is invaluable.
as-13574195119,app_store,2025-12-30,1,5.21.2,Too many bugs,Never had a 3d render that didn’t glitch half way through making it
as-13363937867,app_store,2025-11-06,5,5.19.1,Update ruined interior scans,"We have to see the model built while scanning to confirm that the app captured everything. The new update gives zero confirmation, it basically functions as a glorified video camera now. All my scans are incorrect since the update. PLEASE RETURN TO THE PREVIOUS VERSION."
gp-04b5dcab-3763-4e6a-aa21-b02017147f16,google_play,2025-10-31,1,5.19.1,,Garbage app. Wasted time measuring rooms in my house for a contractor and all of that disappeared. I had to redo everything.
as-13215999523,app_store,2025-10-02,5,5.17.1,Great service,Hover is great and their support team is really good. Keep up the good work.
gp-2b8f2868-c21f-45ce-b018-6f0cd3c7fe6c,google_play,2025-09-25,1,5.17.1,,"I should not need multiple apps for insurance. I also cannot upload photos I have already taken, creating additional hassles for properties I do not live in or near."
as-13170712410,app_store,2025-09-22,5,5.17.1,Fantastic tool for your phone and business,"I have been using Hover for years now and it consistently amazes me and colleagues that have never used it before. 

I have used for residential, commercial and industrial projects and it works. Very accurate and easy to use. 

Hover is a real timesaver."
gp-8ce4944c-c9e7-468d-a3bd-d1730836163e,google_play,2025-09-15,1,5.16.2,,"Absolutely awful! It loses tracks of photos. They are not stored on the local device so there is no way to recover from a ""lost photo"" situation. Travelers Insurance - FIND ANOTHER PARTNER!"
gp-49e00a83-6155-48e8-91b9-6214af774347,google_play,2025-09-02,1,5.16.2,,"I had to take photos for my house insurance, the apps is not clear enough on how to proceed to send the photo to the insurance agency. I just learned by contacting support center. Honestly I feel that it is a complicated app to be used for insurance house photo."
gp-7bc23c2a-df48-48c3-9c40-40434116266f,google_play,2025-08-11,1,5.15.1,,"Won't even open after multiple attempts, reinstalls, and making sure my phone was up to date. Android says it has a bug and I have to wait until the app is updated."
as-12991428293,app_store,2025-08-08,2,5.15.1,Don’t bother,"Hover was recommended by a contractor who we are getting a bid from on siding. It made a bad first impression and wasted a lot of my time.   This contractor has a style over substance problem to overcome before they’ve set foot on my property.  

What went wrong:  I was using Hover to check siding options.  The rendering of my house was so filled with errors as to be useless. The pictures with different sidings looked like they had been done by a three year old   There was so little detail you couldn’t tell the difference between shingles and board and batten.  The interface is clunky and difficult to use.   Some options like adjusting trim color don’t work at all. I tried moving over to a tablet to see if that might be better.   My project could not be moved between devices.  

Two stars not one because it will give you some general ideas on what kinds of color might work."
gp-5b510265-42e4-4499-9530-496c43cd7b81,google_play,2025-07-30,1,5.14.0,,The last version of the app would load for me. I could get my images in. Fool around with some colors for a little bit. But it would freeze and not allow me to change basic things after the beginning before it closed itself. I was excited to find there was an updated version. Installed it and it won't even load beyond the blue hover screen. I restarted my phone.. Nothing. I have a Samsung Galaxy s20+ phone. Is that why? I wish I could use the app as we're ready to update our house.
gp-88ccee1a-1a27-4c09-8b7e-6a8f550a2720,google_play,2025-07-28,1,5.14.0,,What is wrong with your company? constantly making things worse with every update. now the app closes off Spotify? what possible reason could you need to close off a music app when taking pictures? you guys need to figure yourselves out because you're a joke a this point 🤣
gp-efb19e8a-2af0-4d38-8bca-61210bbb2127,google_play,2025-07-23,1,5.14.0,,The people doing the dimensions are clueless. All dimensions were wildly WRONG! Question all results if you're forced to use this!
as-12906983900,app_store,2025-07-18,5,5.14.0,Review,Love the virtual demos available. Can’t wait to see what this app has to offer in the future!
as-12889706124,app_store,2025-07-14,5,5.14.0,Amazing app to visualize ideas your home project,Love this app to choose the correct paint colors for the exterior of my home by ‘painting’ the body & trim with different colors.
gp-4fb7fc44-f6c2-47f9-9c1c-ab98734e3160,google_play,2025-07-14,2,,,quit updating and changing the app every other week.. it makes it very difficult to find stuff and use your app when everything's always changing in it. other than that the app is great
as-12855725820,app_store,2025-07-05,1,5.13.0,"Incorrect measurements, photos deleted","This app seems great at first. Until you’re finished. My photos were lost - twice - and I had to retake everything. Also, the resulting square footage was way off because they counted my non-heated sunroom. They refused to correct it. Nor would they send me the interior photos that were “stuck in upload,” so I didn’t have to retake them. The app showed my project as “done,” so I closed the app. But photos were actually still uploading, and then they were lost.  I don’t think they were actually lost, though, as nothing on the internet is, just seemed like the agent didn’t want to go to the bother of reopening the project and correcting their mistakes. Also, your file is not saved under your insurer’s project number or your property address. So if you login with Google, as they suggest, if that is a different email than what is on your insurance policy, they will not supply it to your insurer. Customer service is available but not helpful at all. Wish I could give the app ZERO stars."
gp-cb73e8c2-4932-441f-aed9-8ea1eb5b853d,google_play,2025-07-04,2,5.13.0,,So I have used Hover for a couple of years with very few issues but suddenly can't launch the app that I have to fix in two days... Do I need to buy a new phone every time they do an update? This is going to be close!
gp-b7ca739f-8bd4-4679-8b47-52221225ebae,google_play,2025-07-03,1,4.98.1,,This is the most inaccurate measuring software available. You will lose a ton of money using this program. And that is only if they are able to give you measurements. There are properties that they can't even give a measurement on. It's worse than worthless. It will cost you money.
as-12831910636,app_store,2025-06-29,1,5.13.0,Clumsy,"Wow! I just want to see a few different versions of my house with Hardie. Each time I have to re-ask for Hardie statement collection. I can’t see how to view the different versions I bookmarked. I don’t understand why the app needs my address at all, no less each time. Maybe it’s me, but I’m not finding this easy to use at all!"
as-12831536032,app_store,2025-06-29,1,5.13.0,Crashes constantly,"Works maybe 5% of the time. Every time you add a new picture or make any change at all, the app crashes and you have to restart all over again. The dev team needs to trash this whole app and start from scratch. The most unreliable app I’ve ever used"
gp-c99d2f2d-8fce-444b-9162-8f50b50cc305,google_play,2025-06-17,5,5.12.1,,"I took eight pictures in about 2 minutes, and even though there were trees in almost all of them, in about 5 minutes there was a lovely fully customizable 3D rendered model on my phone. Smooth as you could want."
as-12762921389,app_store,2025-06-11,1,5.12.1,Exceptionally awful,"This tool doesn’t perform as promised. Their links don’t work, instructions are unclear and challenging to follow. They say it takes about 30 minutes but it’s been 3 hours. I am betting I never get the promised 3D model. My insurance is forcing me to use Hover, probably because they can’t get voluntary customers with this performance"
gp-18628129-6fe1-4d97-98a3-c8cd3c1c115c,google_play,2025-06-06,1,5.12.1,,"can't get anything to work as expected, all it does is ask for location and pictures of your property"
as-12664930226,app_store,2025-05-16,4,5.11.0,Great,"So far so good, literally. Just waiting to get the results to my plans to it can generate me a material list. That way I can know how much it should take to build the house."
gp-71504570-1dd2-4972-9488-35737ec3b437,google_play,2025-05-12,1,5.10.1,,2 days and still nothing. Contacted support and nothing. They even delete one of my sites. No interior or exterior measurements provided. Sad app.
as-12611406406,app_store,2025-05-02,4,5.10.1,Just a small tweak,"I’m not sure if this will hinder results, but it be nice to have some type of zoom out feature for when taking exterior photos. Trying to get the entire elevation can be a pain in tight spots."
gp-70648a80-0906-4f29-8185-f163cc17fcdc,google_play,2025-04-27,1,5.10.0,,"Had to use this app for my homeowners insurance on two different 3 family homes. I tried it twice at both properties. Every time I got through almost the entire property and the app would freeze, then go back to the homescreen as if I hadn't spent a half hour taking a ton of photos. The app doesn't save your work as you go apparently and if it freezes while in process it simply erases everything. incredibly frustrating and a major inconvenience to the tenants who I repeatedly had to apologize to"
gp-a67e09ae-508c-461a-a366-cc1918c0b8a7,google_play,2025-04-20,2,5.9.0,,"Unreliable in multiple ways. Without a cellular signal, you can't use the app because it requires you to log in. You will get failed completions long after you leave the job. You get generic information on failures, such as ""No good corner shot."" It would help to know which one so we're not wasting time shooting and uploading unnecessary photos, especially on complex structures. Many times, the drawings will omit wall sections or leave in areas under dormers. Every job seems like a new hurdle."
as-12528897153,app_store,2025-04-10,2,5.9.0,Not great,"I don’t get how this app gets so many good reviews. I’m trying to use it to decide on a James Hardie siding color, and I don’t find that the color choices, if you can even find the one you’re looking for, are accurately represented in the model. For example, the Monterey taupe swatch looks fairly accurate to what’s on Hardie’s website, but once you apply it to the model it looks completely different - just straight up gray. And finally, the app is just tough to navigate around overall. I’ll give it an extra star just for the fact that it exists, but I’m back to googling real life examples because this is useless."
gp-87b9d34f-fd46-48ab-8ee0-d1984ca59e80,google_play,2025-04-03,3,,,terrible customer service lately . also very hard to navigate as they have made something so simple be so complexed to find a button to start a new project was hard but is now impossible . also they raised the price
as-12483766820,app_store,2025-03-30,1,5.8.0,3D Design Mode Inop,Can only take 3-4 actions in 3D design mode before the app crashes. Have to close out and reopen only for the same thing to happen. Cool concept if the app is performant!
as-12455965691,app_store,2025-03-23,1,5.8.0,Extremely limited,"I just spent a frustrating hour trying to visualize my home using the app. The two different providers of Services sent me to.

At one point I was able to create a design that was beginning to look OK and then it disappeared calling tech-support. They spent about another half an hour with me and just wasted time. Nothing moved forward. 

What a waste of a couple of hours of time ."
as-12444378002,app_store,2025-03-20,1,5.8.0,Don’t waste your money,"Customer service is over seas. Sales reps are fast talking uneducated switch and bait quick sales tactics. When purchasing packages they will remove already pre paid packages and tell you sorry about your luck. But you can pre pay for more. 
Try any other roofing company measurement apps. Hover is shady"
gp-381e8741-f81d-4543-b7db-4120fb71d8e1,google_play,2025-03-19,1,5.7.1,,you call no one wants to help and then tells you to go on line and make correction! that's why I'm calling lazy mfr! I'm going back to eagle view
gp-b8dd7b01-1fc1-4a9e-800c-f849e862dc04,google_play,2025-03-18,2,5.7.1,,Very difficult to figure out. Not user friendly. No directions provided.
as-12424329317,app_store,2025-03-15,1,5.8.0,App is broken,"Please fix this app. It doesn’t work for me anymore. Can’t use the 3D modeling program to make designe for homeowners, and I can’t take new measurements."
as-12411903276,app_store,2025-03-12,1,5.7.1,Failed process,Submitted photos per apps instruction. Received message that the process “failed”. The app would not let me resubmit photos.
as-12410459746,app_store,2025-03-11,5,5.7.1,Great app for business,"I use Hover a few times a week for our buisness. It saves me time, my clients love it. I think we have been using it for 3 years now. Support is great. The app keeps improving ! Highly reccomended!"
as-12398112019,app_store,2025-03-08,1,5.7.1,Trash,"I’m sure it’s great if you have damage to the out side walls of your house and you plan on taking some kind of elaborate three-dimensional image of your house, however, if you have damage to your roof, you can’t take pictures of that. So there’s no way to submit claims when you have damage on your roof."
gp-4bb52b70-85f3-47e1-ba9c-f171574fb56f,google_play,2025-03-02,5,5.7.1,,"Measurements are great to have. This is great, it produces a wealth of knowledge just from a handful of exterior pictures. The report is very detailed."
as-12355335052,app_store,2025-02-25,5,5.6.0,"Worked on my apartment, Love it","Scanned my house perfectly, I get a 3d room report back in a few minutes and it’s accurate"
gp-7cf896a1-e6c0-4080-b4a6-4a807f025976,google_play,2025-02-24,1,5.5.0,,"Despite taking all the photos twice, the app failed completely. Total waste of time."
as-12341924455,app_store,2025-02-22,1,5.6.0,Poor Support,When you have a project that needs to be done on a Saturday you need support on a Saturday
gp-bc9d04f1-ae03-4f09-aa67-3fee649458c4,google_play,2025-02-22,5,5.6.0,,"I tried A LOT of apps and websites to visualize siding and trim colors on my house. This was the only one that accurately identified walls and trim, doing so behind and through trees. Not perfect but definitely the closest to it. Highly recommend."
gp-f7605d92-0855-4215-bf2e-6f72b95f3c83,google_play,2025-02-20,1,5.6.0,,"This is my first ever review and this company has you do the work for them instead of them coming out and taking a look at the house. They don't realize that we've dropped $80,000 into the 109 yr old house in the last 3 years they want to complain about we still have construction materials in the backyard because we are adding a Solarium and siding the whole house. Due to peeling paint and debris they will not cover our house.. don't use this company or app"
gp-a558f3c3-c960-4db9-a1b0-44e504cd8255,google_play,2025-02-13,3,5.5.0,,"Great layout and design options for exterior of job. Although it says for exterior and interior I can not find anything that will let me find sq. Footage of bedrooms or office rooms for installation of carpet or drywall, The app doesn't do what it says so for me this app is worthless."
gp-23af16db-1478-4eac-a18d-98d5e408b832,google_play,2025-01-19,3,5.4.1,,"Although I like the different styles in the app, it irritates me to no end that it doesn't give you the paint colors for each pic."
as-12185938056,app_store,2025-01-14,2,5.4.0,Inconvenient,Photos must be taken cant upload.
as-12160189380,app_store,2025-01-08,1,5.3.1,The app won’t even open,I’ve been using hover for a long time and it’s worked for me BUT in my phone it won’t even let me open the app or log in? So therefor 1 star because I’ve been having to use other services to measure
as-12146592790,app_store,2025-01-04,1,5.3.1,Frustrating,"The app keeps freezing, I been trying to work on it all day.
I’m about to give up"
as-12124876438,app_store,2024-12-30,1,5.3.1,Frozen App,"When first installed, the app worked fine. Now opening the app only produces a blank screen with a title and that’s it. I’ll be deleting the app and moving on."
gp-1854ceba-c635-4693-abf4-03064ddf17c0,google_play,2024-12-26,1,5.3.1,,"I only wanted to see what a new front porch would look like, but couldn't go any further in the app until I took numerous photos of the back and sides of my home which has NOTHING to do with the front!! This app was intrusive. I did not want my entire house online."
gp-ec289ef5-3a99-4856-9ff8-cd2142225b46,google_play,2024-12-25,1,,,"I forgot I installed this, my insurance company made me (why not just ask for sqft blueprints?! This is super invasive). Although I never allowed it any permissions, I noticed for no reason at all, my battery has been draining crazily! Prompting me to uninstall, as this has been the only change to my phone."
as-12071521735,app_store,2024-12-16,2,5.3.1,not helpful,"As one who is not tech savvy but can nonetheless use the camera feature on my phone and take great shots of my home from every angle, getting theses pics on or through Hover was a frustrating waste of time. If that’s what the contractor requires, I’ll go with a well established contractor that doesn't require it. Im sure there are those that love it but count me as someone who doesn’t; a senior citizen with the desire, need, and financial means to go forward with the work that needs to be done on the house, that years ago, I would have just done myself."
as-12009796200,app_store,2024-11-30,2,5.2.0,Crashes constantly,This app does amazing things considering it’s free but I can barely use it for 5 minutes without freezing/crashing completely. Trying to make exterior edits on my 3D model but the screen goes white and never loads again.
gp-79811814-83aa-4c06-8b63-74c3bac40da7,google_play,2024-10-31,1,5.1.2,,"Every time I hit the info button to understand what evaluating means, the app locks up, and I have to reinstall on any device that the I information button was pressed. New update makes the icons for the house spin in a circle trying to copy your phone orientation even if you don't have that setting on. Really frustrating trying to hit a fidget spinner when I'm just trying to take photos."
as-11892695928,app_store,2024-10-30,1,5.1.1,10% too high,It reported a floor area 10% larger than the actual area of my house. My insurer then raised my premium $300 per year.
as-11892129768,app_store,2024-10-30,1,5.1.1,Taking a turn for the worse,"Contacted support about lagging issues when taking photos and was told that maybe I should restart my phone. 

May be time to give EagleView more of my business."
as-11888856710,app_store,2024-10-29,1,5.1.1,"Unworking, hangs at initial loading screen","So far, I’ve seen no evidence that this app works at all. It hangs at the initial Loading screen. I’ve updated to latest iOS and removed app, deleting all data prior to reinstall. No luck."
as-11872788148,app_store,2024-10-25,5,5.1.0,"Amazing app, phenomenal customer support","I am just a homeowner (not a pro contractor) with no 3d modeling experience. I needed a 3d model of my house to help me plan out my Christmas light display (using XLights). I downloaded the Hover app and found it very easy and intuitive to use. It took less than 15 minutes to download the app and take a dozen-ish photos of the house. The app automatically submitted them and less than 24 hours later I had a very accurate 3d modeling of my home. 
I had a little trouble exporting the model file in the right format, but the Hover customer support was very helpful and responsive. 

I could see that this would be an incredibly useful tool for a builder or contractor. 👍👍👍"
gp-3b2090da-3f6e-42cd-adb7-9e2787055ce5,google_play,2024-10-24,1,,,The insurance company sent me to use it and gave them the wrong information. They confused my garage with my house. They sent the wrong information to Geico (Travelers). It's a piece of junk.
as-11858797750,app_store,2024-10-21,1,5.0.0,Stuck at Loading,"Downloaded this app, opened it and it wouldn’t go any further than the first “Loading” screen. I deleted the app and reinstalled it and again same issue."
as-11845178060,app_store,2024-10-17,5,5.0.0,Homeowner,"I utilized this app to visualize different siding types, windows, doors, roofing, and trim.

I cannot believe how useful it has been and the ability to have such information so quickly. 

As a homeowner, I asked the customer service for measurements and they sent them directly. I cannot express how great of software as well as a team they have.

Top notch service at your figure tips! Thankful for such a great service at ZERO cost!"
gp-3412f285-8f2e-46e2-9fb3-fe98515b6af9,google_play,2024-10-15,5,5.0.0,,"It definitely needs some more work, however this will save me so much time and energy on estimating exterior projects. Hopefully they will make it work where you can do interior as well!"
as-11826231638,app_store,2024-10-12,3,5.0.0,Super Buggy,"Easy to use, and very helpful for visualizing design changes. Unfortunately, on iPhone 13 Pro with iOS 17 it’s super buggy and crashes about every 2nd or 3rd material change."
gp-3d1f6d7e-775e-44f8-8a08-35a0c2172684,google_play,2024-10-10,1,4.99.0,,Can't use the ruler function without making an account to 3d view ur home. Too niche not useful
gp-fd0623b5-bbe7-437a-acd7-621113182203,google_play,2024-10-07,2,,,"App doesn't allow you to upload photos, makes you take them on the app. This is not helpful for people like me who are still recovering from a hurricane, with no internet access for weeks at a time. Things had to be moved around for home access purposes, or small debris already removed. I was unable to download this app until over a week after the damage took place, though I took photos early on before moving things, instead of weeks later, but I cannot upload the pictures taken. Not helpful."
gp-3981a1bf-e831-4375-a8e2-68c5f3f5a283,google_play,2024-09-23,1,,,"Spent More Time loading the app... I decided to uninstall the app before it finished loading up AFTER it was installed. It was taking upwards of a couple minutes. That's too much load time for a measurement app, honestly."
as-11738257623,app_store,2024-09-18,1,4.98.1,Totally Impractical for Some Environments,"This app may be fine for single family homes on 1/4 acre or more zoning in the suburbs, but it doesn’t work well in neighborhoods where homes are clustered close by each other. I had to stand in the middle of the street with traffic going in both directions to snap a picture of the front of my house, and had to trespass on my neighbor’s yard (climbing over a fence) to get a photo of the rear. No way was I gonna put on a pair of coveralls and climb down into the crawlspace to snap a picture of the sump pump and HVAC unit. And I couldn’t follow the app’s instructions for taking a video without stepping into my next door neighbor’s shrubbery. Bottom line is this is a great way for the insurance company to make the homeowner do the work that otherwise it would have to pay a third-party inspector to do - although it may save time for those who don’t mind the hassle and have plenty of room around their property."
as-11733674476,app_store,2024-09-17,1,4.98.1,Useless-half the time your in another account,"When the app works, it’s fine early in the morning. It takes hours to get the results but the main issue is when you get logged out and log back in. You’re in someone else’s account where you can access their project, but you can’t access your own even when you log out and log back in, it does the same thing infuriating"
as-11727878253,app_store,2024-09-15,3,4.98.1,Easy to make a 3D image,But why won’t it let you change gutters or doors?
as-11727342397,app_store,2024-09-15,3,4.98.1,Interesting while it's working but crashes all the time,"Also- it asks for a ton of personal info, which isn't necessary"
as-11720180572,app_store,2024-09-13,1,4.98.1,Poor UI for insurance use,"My insurance company asked me to use Hover to take some photos of my home. After installing the app and making an account, there was no indication that my Hover account was “linked” to the insurance request. I had to call support to resolve this.

Hover should modify the insurance email to provide step by step instructions, and a code that you can enter by hand to link the request if the automatic linking fails."
gp-91f8d071-2d54-43d0-aacf-182048b63575,google_play,2024-09-08,5,4.97.0,,More than I had hoped for. If your doing quotes or need to measure a property. This is the 1 tool you should not forget!!! With a few pictures it was able to accurately calculate all exterior measurements as well as material needs. I'm thinking I'll not tell my competition about this Lol
as-11697516325,app_store,2024-09-06,1,4.97.0,Completely Useless,Nothing like the Facebook ad made it out to be.  Almost scam worthy.  Don’t fall for it
as-11691828651,app_store,2024-09-05,5,4.97.0,This app is truly remarkable,"I’ve used it for 3 years in various roles from DIY to a professional roofing and siding contractor. The tear offs are accurate (as accurate as anyone I’ve ever seen with a wheel and a note pad). I relied on it to do 10 estimates a day for a awhile. The first few months my crews would consistently call worried they might be short and would 100% of the time be on the money with the Marisela they had. The interactive 3D model is a fantastic selling tool for a few reasons, it immediately makes the customer feel more comfortable and gives you a professional sales call, it guarantees that the customer and sales are on the same page with color and design choices, most importantly it give a tangible vision to additional sales rather than requiring a customer to have an imagination. As contractors offer we can see a project in our heads, a lot of homeowners don’t have that. This tool got me off the roof and into the living room."
as-11670984854,app_store,2024-08-30,1,4.97.0,Don’t recommend,I used it for two projects and it took two hours if not longer to get the measurements.  I spoke with the sale guy and he told me 70$ per job to expedite it. And without any discount it would be 70$ but kept pushing for me to pay for a package. I used it after the free trial for a siding measurement the measurements and incorrect and I had to pay 110$ for the report that took 24 hours and I was under the impression it was only going to be 70$ because that’s what it says in an email for the sale guy. Save your money.
gp-3a0b76d2-77ac-4166-a0c3-10917cfb682d,google_play,2024-08-13,1,4.96.2,,I uploaded my drawings of front back left and right and it said generating 3d drawing failed without explaining why so i could make a correction
gp-8e970af5-d523-4a9e-8f2b-682e77759b0b,google_play,2024-08-08,1,4.96.2,,"Hover is a good concept that unfortunately takes to long to process. In a fast paced world some uploads take 24 hours or longer. This is unacceptable even when led to believe that upgrading will ""speed up the process "" ."
as-11569208954,app_store,2024-08-03,4,4.96.0,Cool App if it would stop crashing every other moment,"Just recently downloaded this app and have been pretty impressed with everything it has to offer. However I don’t understand why it keeps freezing which then makes you have to give close out of your project right in the middle of you trying to add to your design. Which then makes you start all over again which is highly annoying, aggravating and frustrating. What are you going to help improve your apps glitch issues?! It would be nice to see what all this app can offer a homeowner like myself who is really appreciative of having such a great product at your fingertips."
gp-58beee63-b5fa-4621-bb67-cd52898e4acd,google_play,2024-08-01,5,4.95.0,,"Amazingly simple! Take a full scan, add 1 measurement, give it a day to process, and the floor plan is complete!"
as-11529598895,app_store,2024-07-24,5,4.95.0,Amazing Company,"The technology they use for this program is amazing! Love everything they are implementing and would recommend them for all your siding and roof measurements/ordering. If you have questions, their customer service is excellent, if you have the opportunity ask for Felicia!"
gp-6522237a-4e44-4dde-92e8-86ec94720957,google_play,2024-07-16,2,4.95.0,,"The biggest problem was that the app didn't mention up front that photos of interior were required. I'm using this app for my insurance company and the house is a rental, so I drove out thinking all I needed were exterior shots. Now (maybe?) I'll need to do it all over again because I'll need to arrange access with the tenant. Also, the app caused my phone to overheat during the video. Granted, it's a hot day and I have an older phone, but I guess that's why the video collection is optional."
gp-122dd975-b613-467d-91e8-1ee9c5d2ed40,google_play,2024-07-11,5,4.95.0,,"This app is incredible. Even with trees, bushes, and bad angles, they always seem to get accurate measurements. If you estimate exterior projects professionally, you would be a fool not to use Hover. The time it saves you is infinitly more valuable than whatever it costs to use."
as-11417876798,app_store,2024-06-24,1,4.94.2,Garbage and a waste of my time,"I downloaded this app based on my insurance provider request. It’s garbage.
This app may work for new builds but it’s useless for urban areas with mature trees around the house and/or close proximity to neighboring houses. The examples in the app are simply unrealistic, no trees and no nearby buildings making it easy to take clean side and corner shots from a distance.
I submitted the first set of photos and they said the model failed, no clear corner photos, which I understand since I have mature trees around the house. But I spent a lot of time taking detailed measurements on every side of the house, every width, depth, height, all clearly marked on photos via the measuring app. The model failed again… no good corner shots. But I gave them detailed measurements!!! If they have any questions they could’ve emailed me but they didn’t even try. I wasted my time."
gp-b5fb67e8-d074-4310-b42b-036130dae315,google_play,2024-06-20,4,4.94.1,,"Wow... I tested it on my home. I have trees blocking some areas but it still got the massing and windows correct. The dog condo was correct but everything else was. Complete list of windows and sizes, sf of exterior and more. I suspect it's free because of the brands you choose to make the rendering. Now I need to see if I can export it."
gp-032296be-b09e-4f98-abb4-6cf6cfd86f81,google_play,2024-06-16,1,4.93.0,,Unable to do what is need to evaluate my exterior of my house with different colors. Does not have enough color opiotion to choose from.
as-11373258285,app_store,2024-06-12,2,4.93.0,Glitchy and keeps getting worse,"The app would work with a few glitches (cannot change garage and doors but all the siding/stone/trim/roof/etc was fantastic) then the app would be the a different, terrible version like the online (hover.to) one that I can only change doors (with little options) but not really anything else.  My edits do not carry over between the two changing versions.  When a new model was made with some architectural changes to the original, it had a sliding door for the front door where it was clearly a solid door with sidelights that worked in previous model.  No way to change it or the “service doors”.  It’s just too inconsistent to spend time on only to lose the work. I wish I could go back to the app version that was functional but it seems gone for good?
When the app it worked, I could see the potential in this to be a valuable tool for clients to communicate their vision to contractors and vice versa. Too bad it stopped working"
gp-2c2e8067-93cd-49a1-be68-3b3d8d0e1a8e,google_play,2024-06-12,4,4.93.0,,"This app just doesn't work. My insurance company made me use this and when the camera pops up there are no buttons to record or take pictures. After it somehow took a picture and uploaded it, I was told the upload failed and now I can't even try to upload anything. Why can't I just upload photos taken by my regular phone camera? What a bizarre design. EDIT: After contacting support, we were able to get the issue resolved, so that was nice! They were very friendly and helpful."
as-11368558610,app_store,2024-06-11,5,4.93.0,"Larry, owner Summit Home Solutions","I have been using this technology for 7 years now. I used it with 2 previous companies, and when I started my own a little over 2 years ago, I knew that I would continue using them. They have LITERALLY never failed on measurements or creating a 3-D model for us. It is actually less expensive than Eagleview, which honestly is a joke. I recently had a property that was so covered in shrubs and unwanted trees that I figured I finally had them. At first they were not able to create a complete 3-D, and I had to go back and add some photos. I honestly did not believe that they would successfully complete this. The next day there it was a complete 3-D and all of the measurements. If you are an exterior home improvement contractor and you are not using this app, you are doing yourself a huge disservice. Thank you Hover for helping me run my business."
as-11367562986,app_store,2024-06-10,1,4.93.0,Not what you think,"This is not AI, these are Architectural students that are not being paid what they are worth. Again this is not AI this is a company extorting people!"
as-11356026562,app_store,2024-06-07,1,4.93.0,Crashes,I’ve tried working with this program.  It crashes after just 5 or 6 modifications to my siding design. I’d do better with colored pencils.
as-11350266672,app_store,2024-06-06,3,4.93.0,Not able to get the full app experience on iPhone 15,I downloaded this app on my iPhone 15 and my wife downloaded it on her 12. Hers has extra features/ beta etc. that mine doesn’t. I have uninstalled and reinstalled it twice. I love it on her phone just don’t know why it won’t work on mine?
as-11344297636,app_store,2024-06-04,1,4.93.0,Required by insurance,The app wouldn’t let me create an account then said my email was already used. Couldn’t reset my password. Used my computer and still couldn’t reset my password. Had to use my computer to create an account. The app has been trying to log me in for over 10 minutes now and I’m stuck on the spinning wheel. I have force closed the app and have tried multiple times. What a horrible backend and app design this company has.
as-11343136071,app_store,2024-06-04,1,4.93.0,Difficult to use,"The purpose of this app is to provide measurements of structure roofs.  Mainly used by roofers and insurance adjusters. - as an adjuster and roofer; when I am doing inspections I usually have a point and shoot camera a notepad and a tool belt.  It is not common to have both hands free.  When using this app the operations are not possible to operate with 1 hand.  Also, when you have to take multiple photos of an elevation to capture the full structure it pulls you out of the section so you have to wait then click back on that selection.  It’s a pain. The firm I work for requires that I use it.  Otherwise I would use other companies that don’t require a bunch of unnecessary photos."
as-11320479929,app_store,2024-05-29,2,4.93.0,Not worth it,"I work for a large insurance company and I hate that we transitioned to this application. This application doesn’t work as advertised. Too many failed reports with no instructions as to what is missing to complete the report. Their customer service is subpar, and is no help. In Catastrophe events, this application merely slows you down."
as-11317301742,app_store,2024-05-28,1,4.93.0,Hover is a hover!,"This app is terrible, if your house is in a wooded area and/or you have vines and/or your house is a story and a half, hover cannot calculate the square footage of your house. Furthermore, hover does not instruct you what to do if it cannot calculate the square footage of your home. Terrible terrible terrible! Oh, and and all the negative nicknames are taken, wonder why?"
as-11299590413,app_store,2024-05-23,1,4.93.0,Doesn’t work,Installed app. Created account -> error. Attempted the create again -> account already exists. Attempted to logon -> spinning wheel for >5 minutes. Force closed. Tried again. Forced closed -> deleted app.
as-11266260222,app_store,2024-05-14,1,4.92.0,Useless,We are not on site for all our properties they removed a feature where you could just upload the photos without having to be on site.  Eagleview is already destroying you in all regards so you managed to find a way to make your app worse. I have zero need for your services. Too many claims and assets to manage to call for you to send a link for you to manually upload photos with someone in a third world country. Will never use your services and can see why your losing out to others.
as-11266192312,app_store,2024-05-14,1,4.92.0,👎🏻,"I’m an adjuster, I do my work on site and this has added an hour or more to each claim I have. It’s super slow been having to wait 1 hour or more to get measurements for roof but if you want the walls too you going to have to wait even longer. Even since I was forced to used this my efficiency on claim handling has deceased and makes me late to the next appointment. Waste of time if your busy. But if you have nothing else to do that day it’s great tool."
gp-4b8a26c2-d585-4c45-9c46-1aadede82a8f,google_play,2024-05-13,5,4.92.1,,"Have only been using a free trial account for a few days now, but this service seems to be an incredibly efficient tool for building contractors. I cannot speak to the accuracy just yet, but have heard at least one great review from a local contractor who swears by it. This definitely seems to be a great application of technology with multiple positives."
as-11248486456,app_store,2024-05-09,5,4.92.0,Love it!,"This app is great. It lets your vision of your house come to life. I do wish I could make more changes myself to the house; however, all you have to do is submit a revision request, and the team will make major revisions within a day or two.

You can change the roof color and type, try out all different types of siding patterns, sizes, and colors."
as-11206435124,app_store,2024-04-27,4,4.91.0,Zoom in feature please?,"App is great and is super handy on the job, but could you please add a zoom in feature? Sometimes these properties don’t really have much room to go around to take a necessary photo."
as-11203218087,app_store,2024-04-26,4,4.91.0,Amazing Work in Progress,"This app was outstanding… on the one day I was able to use its full capabilities without a glitch. The first couple days I downloaded and played around with it, it was limited and buggy. That was acceptable because they are clearly working on a groundbreaking project. It has even gotten all of the measurements perfect and this was just from a photo. 
Then I had one day (a couple days ago) where it was an above and beyond experience. I was able to easily select and edit each part of the house down to the soffits and trim. And being able to select from the general products in order to more accurately represent what I already I have in place made it that much more helpful (i.e. black double-hung windows and a flat roof with TPO). 
However today, it has regressed to something even less usable than the first time I opened it. I’m sure it will be back to great within the next week. Overall, (when it’s working) this is now one of my favorite new apps. 
I can see how it’s going to just keep getting better and better."
as-11196119674,app_store,2024-04-24,1,4.91.0,Doesn’t work. No way to reset password.,Can’t reset the password. The email they send doesn’t work. Looks like I’ll be using LP or vinyl siding since this company doesn’t seem to handle details well.
gp-8de7e4d0-fee9-4612-ad08-aba3e8cf3d95,google_play,2024-04-21,1,4.91.0,,"In order to take more than one photo for each side, you have to first take a picture, then the app stupidly redirects you back to select another side as if you were done taking photos of that side. (ONLY AFTER you take the first photo, and it redirects you, because after the first photo of each side it always redirects you) , then you can click add photos and it lets you take as many pictures as you want without redirecting you and making you wait on the app to load."
gp-b9b35e43-f802-4b29-866b-618982d87b64,google_play,2024-04-20,2,4.91.0,,It's just AI so isnt not good quality but could help with ideas but the main downfall is it just continues to say uploading
gp-39a1a172-a6e9-47df-927b-d5207d3e0276,google_play,2024-04-06,2,4.90.0,,"When it says design, it does not mean design. You have to upload blueprints or photos. If I had blueprints or photos, I wouldn't need a designing app. I want to repurpose a garage into a home. Wanted to play with designs to see what works. Cant do that on this app."
as-11122479372,app_store,2024-04-04,1,4.90.0,Corner shots required are not possible for many buildings,"Without photographs of each of the four corners that reveal the other two corners, Hover cannot make measurements of the house. 
Good luck if your house isn’t shaped with 4 simple corners, or is close to other houses, has fences, bisecting some of the walls, etc."
as-11111540386,app_store,2024-04-01,1,4.90.0,Long wait,It’s upsetting when you do a measurement 2hrs before they are gone for the day and still don’t get your measurements!!! This is uncalled for and really effects your business
as-11096984309,app_store,2024-03-28,5,4.90.0,Details,I’m a general contractor in Dallas Tx. I’m floored with the amount of detail and information this is able send me.
as-11095384543,app_store,2024-03-28,1,4.90.0,Privacy Forbidden,"Installed App. 
Provided email, phone, & created password for account setup. 
App will not load whilst personal device is using VPN. 
I suppose this app only works when it is allowed to track your location, data mine your info, and provide personal info to third party advertisers and marketing. 
App uninstalled."
gp-6d3daee8-de73-40b8-8b3d-4c1c6d69510c,google_play,2024-03-28,2,4.89.1,,"This is a GREAT idea. It is well laid out, and easy to use. I have never had such a glitchy, laggu, crash prone app on my phone. Five stars if i could get through a model without a crash or freeze."
as-11085213923,app_store,2024-03-25,5,4.89.2,Home Owner,Very user friendly and fun to work with. I love the inspiration section (Beta). Great Ideas!
as-11085157909,app_store,2024-03-25,1,4.89.2,Fails to upload our photos,"We got a call last week from the insurance company that our photo uploads had failed and they were planning to cancel our policy!!

Ironically there was no indication on the app or notification to alert us that the upload had failed!  

So use the app at your own risk since it has very poor notification features!  The icon should change if the uploads have failed !"
gp-0a0d4930-90bd-4f7d-a0cf-414ed2046a85,google_play,2024-03-24,1,4.86.1,,"Chat help is terrible. It is not the people but the system. Had to open a second chat, and it would not let me because it kept opening the previous chat, and that chat would not acknowledge I needed additional assistance."
as-11037949361,app_store,2024-03-12,5,4.89.2,"A learning curve, but it gets faster",This takes considerably more time than the 2 minutes. Make sure you get floor to ceiling wall measurement or door opening measurement first before you start and write it down in inches. I suppose it could take two minutes per room provide you are practiced. It is amazing that they can get an accurate layout with all the photos.
as-10960502322,app_store,2024-02-20,5,4.88.0,Great Software,"Hover is an integral part of our process. Whenever we are interested in bidding on a siding or multi phase project roof, siding, and/or windows, we can count on Hover for accuracy and detailed information about our project. We save time and energy by using the Hover to build our quotes and orders upon sales. Definitely recommend."
as-10960461113,app_store,2024-02-20,4,4.88.0,Perimeter,"App works great, always sends an accurate sketch of any property. I would love to see an update where perimeter was calculated as well. It can be tough to see measurements sometimes and manually adding up perimeters can be tricky. Would also love to see a 0.5x function added to the camera if possible."
as-10958141352,app_store,2024-02-19,3,4.88.0,It’s okay but needs work,"Let me say that the app is really nice especially for being free. It can do a lot of stuff. But it freezes a ton, is missing loads of options, and is a jumbled mess at times. Sometimes you can do a full remodel by changing brick, rock, stone, siding, windows, and just about everything. Except doors. This is usually found in a tab called OPEN IN 3D. This tab isn’t always available. It comes and goes. 

Then there is a tab called DESIGN IN 3D. You can do far less in this tab but you can change doors lol. You can’t change rock or brick or fascia or the roof from shingles to metal for example. 

Again, for being free it’s an amazing app. The issues are so easily fixed and thus the three stars. A simple fix would be five stars."
gp-7e2a1611-d159-4045-98c8-caf3321706a6,google_play,2024-02-19,1,,,You have to create an account before even being able to see how the app works if you even like it should only ask to create account if you want to save or export
gp-3cdf528c-80bc-400c-a4bc-175bdceedc9b,google_play,2024-02-15,1,4.88.0,,"Insurance Co required using Hover to take photos of home and rental property. Initial photos, no trouble, but if you have to replace photos with retakes app hangs. Once photos are submitted you can't replace interior photos and adding additional photos can only select 10 at a time. Hover evaluation will fail, not much you can do about it if there are trees, bushes, privacy fences blocking views of your property; more so if you have zero lot lines. All in all a frustrating waste of time."
as-10919873665,app_store,2024-02-09,1,4.88.0,Cannot get passed login,The application just hangs at the login page
gp-7c9fb337-f725-44f0-889c-47d34752d078,google_play,2024-02-09,2,4.87.0,,"Great app, but would love the ability to upload photos on the app. Sometimes im not always taking picture's of the house for the sole purpose of using hover. Very annoyed i cant upload pictures i already have on a job that's 45 min away!"
as-10909884686,app_store,2024-02-06,2,4.87.0,Unstable app,It asks for your input but before you can enter it it jumps to another screen or starts to process the information you haven’t been able to put in
as-10901609428,app_store,2024-02-04,3,4.87.0,Too middle of the road,"Doesn’t load very well.    Constantly freezing in the middle of trying to change colors or designs on things, making you close the program and start over.   Colors are nice but in the rendering you don’t really get a true sense of the color variations.  Can’t make things multi colored in design.   May be a nice app.  But for as bad as venders want you to load it to to stuff with.  It really should perform better and have more tool options to work with.    Just to basic for what it SHOULD be."
gp-10f52c96-f2e8-43c7-a5a7-79a06115966c,google_play,2024-02-04,1,4.87.0,,"This morning, the app let me click on my shutters to change color, my second floor to change that color independently of my first floor, etc. Now all of those features are gone? Very confused"
gp-f496f6f0-594c-4d7b-8fef-bb2626b9d90d,google_play,2024-01-23,2,4.86.1,,"This app needs a import feature. I have all the photos already, but i have retake all of them using hover."
as-10845453622,app_store,2024-01-20,4,4.86.1,It’s a great app,Which there was a way to simply pay as you go using a debit card. Maybe a button that says click here to pay for this job using a debit card or any number of ways to transfer money.
gp-8d45e41e-11e1-4220-9a1b-25ef8b884b9f,google_play,2024-01-10,5,4.85.0,,"The app does what it says it will, which is cool enough on its own. Customer service was absolutely phenomenal. I was connected to an agent within a minute, I was still digging out the job ID from the completion email when Cristina connected. My issue was resolved in just one message from me, and then an email summary was sent out with the agent's responses and resolution. Whole ordeal was less than 5 minutes. Never had a support experience like it. Thank you!"
gp-3f137b4a-84e7-4d37-964f-d7cd88e23ff7,google_play,2024-01-10,2,4.85.0,,"The app is decent if all you want to do is change colors and materials to existing structures. We have additions we want to make to our house though (i.e. wrap around deck) and I had to convert the house into a 3d model to find out the app doesn't seem to offer that sort of thing. Been very difficult to find any app that does that and this looked promising, but unfortunately I'm disappointed and will be uninstalling."
gp-121d05e2-f759-49f5-993a-da136654965e,google_play,2024-01-08,1,4.85.0,,"Worrysome. I had to use this app for my insurance provider. It calculated the area of my property wrong by about 800 sq ft, or about 57% more than it actually was. I can say this in confidence because both myself and an appraiser were within 5% of each other. I don't like that this app is so incredibly inaccurate, and what that potentially means for my insurance."
gp-c247cce1-5b18-410e-ad2e-248bb1201468,google_play,2024-01-01,5,4.85.0,,"Update: This app is truly the best 3d scanning app. It has officially been a year, I have now used this app to help me in my career, used the scans for resin 3d printing, and helped other professionals. I seriously can not thank the creators enough! I am completely obsessed with this app! Incredibly accurate and detailed 3d rendering of your house that you can then edit to find new looks and styles for!! The best part... it was completely free and no ads!"
as-10724521378,app_store,2023-12-20,5,4.85.0,Incredible!,As an insurance adjuster this app is extremely valuable. I am very impressed with the quality of the drawings and measurements. No more guess work! The measurements from this app are spot on. Everyone needs this tool!
gp-58400bf1-82bf-450d-a035-0695435cb330,google_play,2023-12-17,5,4.84.0,,"I was sceptical at first when I heard about this app so I tried it out. It blows my mind how accurate the measurements, the openings, the cover materials and rooflines are. I used to pay someone thousands of dollars to get me elevations and rooflines for my plans. Now I can get it done on my own for free and quicker than anyone could do it. Looking forward to what else this company will create next on the interiors. Thank you."
gp-77cc8788-4c05-43a6-80fa-6b79f2a3ae3b,google_play,2023-12-09,5,4.84.0,,I uploaded prints of our custom home and in a matter of hours a 3D rendering to scale was available for trying different exterior options. Phenomenal app and very user friendly!
as-10645640787,app_store,2023-12-01,5,4.84.0,Great program!,Hover saves us so much time every single day. Highly recommended! I do wish we could still add photos after we have submitted jobs like we used to be able to.
as-10643184040,app_store,2023-11-30,5,4.84.0,"Great app, great team!","Felicia and her team at Hover have gone above and beyond on every project we have done with them. It is a great team and an even better app, we will continue to use them on all of our projects that are applicable, thank you Felicia and Hover! Highly recommend"
gp-72a36825-b000-4607-a47f-21cadd70a91e,google_play,2023-11-30,5,,,"As an Android user, Hover is super fast and very reliable. Accuracy is impeccable. This is an invaluable tool for my job. Love it, love it ❤️"
as-10639337225,app_store,2023-11-29,3,4.84.0,Ok/good app,"At first, it is an amazing app to get precise measurements, and a detailed material list together however, they don’t tell you that each project that you put in is going to cost 80+ dollars so I don’t suggest using that for just trying to estimate a project for only paid proposals 

There is no feature for just siding"
as-10636295789,app_store,2023-11-28,5,4.84.0,Awesome app!,"Great technology, and easy to use."
gp-9e71151d-50f0-4ff4-99fd-efaea75b68f7,google_play,2023-11-28,5,4.79.0,,"Felicia Waggoner has done an incredible job with making sure we are getting the full advantages of Hover. Our company's workflow and processes are becoming more smooth. We are able to level up with our customer satisfaction, decrease turn around time in supplementing and production, and provide accurate estimates to homeowners in a timely manner. Definitely recommend!"
as-10631939075,app_store,2023-11-27,1,4.83.0,New update is trash,Loved this app until the latest update.  Extremely limited now in my designs. Going to delete as current version is utterly worthless for what I need.
gp-0d24f4da-c895-4870-95b6-f0a616229179,google_play,2023-11-27,5,4.83.1,,"Hover has been a great tool for our team! We offer roofing and siding services, so Hover's detailed measurement reports make the quoting process significantly easier. Customer service has been great too! Our representative Ally is always super responsive and quick to help with any issues."
gp-f3644be6-fb71-4c75-ac54-c22fb29bc3b3,google_play,2023-11-25,5,4.83.1,,"Love this app! It's so easy to use, and it's great to be able to see my different siding/roofing options together!"
gp-99e462b7-df65-464e-83d6-a6eec6e5bddc,google_play,2023-11-23,1,,,"Terrible app. Tried to use it to get a quick measurement but there were too many hoops to jump through. Taking pictures of the entire house is unnecessary if it's not being used. Deleted and used a better, less onerous app. Also the third party sharing of your location is sketchy"
gp-4b911abf-aa32-4a21-a39d-60bb7303fd8b,google_play,2023-11-21,5,4.83.1,,This app is great! It is truly helpful and easy to use. I love the design that was generated for my home as it helped me confirm my decision to paint the brick on my house. The app allowed me to visualize a design and execute it precisely.
gp-fa274f68-6d4d-44d0-9dc3-f6cf58948bb7,google_play,2023-11-21,1,4.83.1,,The pictures taken was the effort of a novice photographer. My rooms are small and tight and it was hard to take floor to ceiling pictures.
gp-6c2e6182-293e-4b3d-a346-56d9f26e9e60,google_play,2023-11-18,1,4.83.1,,I cannot get the measurements. The description says it can give me measurements from 8 photos. I took the photos. No measurements. It is in the title of the app and I see no way of getting them. Useless without the measurements.
as-10592539415,app_store,2023-11-16,5,4.83.0,Roof Diagram,Super Easy and Fast Accurate Reslts
as-10589853229,app_store,2023-11-15,1,4.83.0,App stuck uploading for hours.,The app does not work. It just says pics are uploading. Went on for hours. I logged out and tried to log back in and all the photos were gone. Would not recommend
as-10578163818,app_store,2023-11-12,2,4.83.0,Inconsistent Capture,"In theory, this program would be a great addition to anyone using it for estimating, deigning or looking to create a 3D model. Problem is, it rarely works. 

Used all of the recommended settings, completed the capture per their instructions, and … nothing. Live help was, “ok” but basically gives the generic, “sorry for the inconvenience” response, which doesn’t fix or address the issues. 

Shame on me for not having a backup - instead of helping my work flow, they’ve added a significant amount of wasted time by having to wait for uploads (which never happened), talking to customer service (generic responses), now I  have to go do it all over again. 

Stick to a better company with a proven track record; this was a very underwhelming experience and I would not recommend."
gp-5956f21c-9074-45bd-b465-ae27b1ccc24d,google_play,2023-11-05,1,4.82.0,,"BE CAREFUL! Absolutely THE WORST APP EVER!! Nothing works! Nothing! Forces u to give up your address and IF you dare to upload a picture, it gives them the right to do whatever with it!! 0 PRIVACY!! 0"
as-10547077784,app_store,2023-11-03,5,4.82.0,Great App,This was pretty cool way to take pictures of  your property
as-10540187373,app_store,2023-11-01,1,4.82.0,"Crashes, freezes and stalls","App has a lot of potential. If only it didn’t crash, freeze and stall on every use after the first minute or so of use."
as-10539758040,app_store,2023-11-01,1,4.82.0,Not accurate,Measurements don’t add up on some of my roofs!! A lot of other apps are more accurate and better priced!!
as-10522380169,app_store,2023-10-27,1,4.82.0,Warning: Don’t do insurance appraisals with this app!!!,"WARNING: My insurance company, travelers had me do an appraisal with this app by taking photos. Hoover turns around and falsely tells travelers my house is 700 sq ft more than it actually is. This has caused my premium to go up $400 and travelers won’t fix it. I’ve sent plans and survey showing correct sq ft and travelers still uses Hoovers garbage information. Hoover also told them my house was a completely different siding than I have. Trash app, do not use for appraisals!!"
as-10504814090,app_store,2023-10-22,3,4.82.0,Just Okay,"My insurance company asked me to use this App to document my home for an insurance quote.  It worked well for the exterior of the home but made assumptions about the interior living space that were not accurate.  It may be okay for a regular two level house but my house is a split level and more complex.  It estimated my square footage at 1500 sq ft instead of 2012 sq ft.   This caused the insurance company to undervalue the replacement cost of the dwelling.  Luckily, I caught the mistake and corrected it.  Beware this App makes some assumptions and may not give accurate results if your floor plan is not a simple one."
gp-0975e34a-2497-43c1-ae3f-9fa3344e4a11,google_play,2023-10-20,1,4.81.0,,"Awkward, slow, glitchy, freezes out. You select a color and some work, some don't. Just not worth using. Much smoother options out there. The app is bad enough that I may switch contractors because it created a very awkward back and forth and just put a sour taste in my mouth on the whole thing using this app and contractor. 🤷‍♂️"
gp-e52361fa-dcf4-48fb-9101-e312fc7f3bc9,google_play,2023-10-17,2,4.80.0,,"My insurance company asked me to use, so I had no choice. Produced a wildly inaccurate floor plan and sq footage estimate (off by nearly 50%), which I had to explain. Fortunately had actual plans drawn by humans that showed an accurate picture. Also have serious privacy concerns about use of my data."
as-10473726128,app_store,2023-10-14,4,4.81.0,"Like it, but could use one improvement","I am replacing my vinyl siding with hardie board. However, the disappointing part of this app— all of my current siding is just horizontal. I want to be able to incorporate different hardie designs in gables that would include shake, vertical boards panels and different color trim from the rest of the house. Since my 3-D version captured my horizontal vinyl siding, I can only replace it with one other kind of siding.  Bummer."
as-10450357933,app_store,2023-10-07,1,4.80.0,Straight up bad,This is probably the most unfriendly app I’ve ever used. Pictures don’t upload correctly. I can’t remove pictures if I want to replace them with a better shot and I have never been allowed to upload from my camera roll. Plus it can’t recognize that my project is a condo and not a home
as-10442787979,app_store,2023-10-05,1,4.80.0,Drains battery and crashes,"I had to download this app for the inspection. While I was using this app to take photos of my house, my phone (iPhone 12) started heating up and the battery drained really fast from 100% to 31% within 15 minutes. Then, the app crashed. After the crash, I can’t open the app anymore and it is stuck at “loading” page forever. I tried to reinstall and reopen it, but still not working. I am done."
as-10442043953,app_store,2023-10-05,5,4.80.0,Business owner,We love Hover!
gp-7fb92a77-8694-4357-bd2d-82bf0e9d6ffd,google_play,2023-10-05,5,4.79.0,,"My builder needed a model house to test the app. I wasn't expecting much due to landscaping, fencelines & outbuildings obscuring many of my shots. I figured at least my builder could use the info to evaluate any weaknesses with the app. I was so wrong! I can't attest to the accuracy of the measurements, but from a homeowners perspective, HOVER delivered. It generated an accurate likeness of my home with many options for renovating; never could I have imagined those possibilities by myself! ❤️❤"
as-10419767233,app_store,2023-09-29,2,4.80.0,Proximity issues,Not able to upload photos or take photos at .5 zoom. Sometimes getting the entire elevation in the photo is just not possible and then the measurements fail.
gp-a76b9e74-dd45-4776-8a76-faf5d7a946c1,google_play,2023-09-27,2,4.79.0,,"This app is a tall mug of hot garbage juice. It froze four times and crashed twice while faced with the Herculean task of taking eight photos. If you cannot apply an application to the task for which it was ostensibly designed, then it fails utterly to be an application."
gp-5bfffa96-7bf9-47da-9396-5ac43292acfc,google_play,2023-09-25,5,4.79.0,,"After tried the app , I am very impressed for this app's function and features . I uploaded two blueprints for car garages. I get one complete Roof and siding infos . It is professional masterminds that calculate all the necessary infos for a car roof ,siding . Windows ,doors and dimensions of all of that . The most impressive thing of the 3D report have sloped or pitched details that helped me understand the blueprint better . This app has so much potential in so many ways to many people . 💕"
gp-b9854429-e1cc-4793-a969-574b90c001e5,google_play,2023-09-21,5,4.78.0,,I am amazed. I truly thought that this building could not be modeled from these photos. This was a very difficult job.
as-10389895996,app_store,2023-09-20,1,4.79.0,Awful,"This used to be a decent app many moons ago. Over time it has become quite disgraceful! Lately it’s actually had the nerve to start giving me these notifications when I put the hover in process that say we haven’t finished uploading your photos. Please keep the app open to complete your job. So what I am hearing is they want me to keep this app open the entire couple of hours while it process and not to even lock my iPad for a second during that time. Pretty sad, I think the most embarrassing and shameful part is when I went to open my hovers I got on some roofs and all kinds of pictures for I open the hover and every one of those pictures just vanished into thin air. Want to hear something even better? Don’t even think about using any of your photos from your camera roll to hopefully go and upload into there like you could simply with any other app. It won’t let you UPLOAD PICTURES FROM YOUR CAMERA ROLL into the hover. If you guys have ever heard of a website called roof.r I would definitely start using it and then using the google photos app to go along with it that way you won’t have any buffoons making your jobs harder than it has to be!"
as-10375255705,app_store,2023-09-16,4,4.79.0,Cool novelty,"Update:

I climbed on the roof and took my own hand measurements. I’m changing my rating because many of those estimates were right, down to within 1” on 30 feet. So the windows were still off by quite a bit (4” on a 3’ window), I’m changing my rating because it was pretty good on the roof.

First impression: I am impressed by the tech, but the measurements for two of my houses were consistently off by 10%. My lazy insurance company, Travelers, stands by Hover, so that means my insurance reimbursement is 10% low, too. If it was for fun, very cool. But when it’s your wallet on the line, don’t trust this “not ready for prime time” tool!"
as-10371196792,app_store,2023-09-15,1,4.79.0,Terrible,This is designed to take the adjuster job away.
as-10365889560,app_store,2023-09-13,1,4.79.0,Problems,"Had nothing but issues with this app. Always logs me out. After I do the measurements and photos for the house/roof, I get logged out and the measurements don’t load, then everything is lost. Needs to be some type of updates."
gp-a33a9b64-2353-452b-bd81-95bd86d60214,google_play,2023-09-13,4,4.78.0,,"It's been super! Easy to use, provides a lot of heloful information and a time saver. I just wish it integrated with Chief Architect better."
as-10287842608,app_store,2023-08-22,1,4.77.1,Doesn’t complete evaluation phase,Been evaluating the fotos I uploaded for over 5 business days and it’s Monday again already I’m deleting and not recommending the app
as-10262346146,app_store,2023-08-15,5,4.77.1,"Old Estimator, adjuster, contractor, and appraiser, here",This app is absolutely next level. Absolutely mind blown with the reports generated by 10-15 pictures. Reports that would have taken me 3-6 hours with a quality that far surpasses anything that I could have put together on my own. Thank you hover team. We are now living in the future.
as-10257502627,app_store,2023-08-14,5,4.77.1,Easy,"First time user very Easy to use, highly recommend"
gp-f069abec-a1cc-42cd-9790-92e314b7f8dd,google_play,2023-08-14,2,4.77.0,,"Freezes and crashes quite frequently. Otherwise, it's good. I like that it gave me a 3D version of my house"
gp-bbdfcae4-75b9-4eeb-9617-b44e2b43dffc,google_play,2023-08-11,5,4.77.0,,"Wow! I had a 3d rendering of my house for insurance purposes and it was spot on. My house is multi leveled, on a slope, and oddly shaped. I was very skeptical it would render and it was PERFECT. It even got stairs, all the windows, even the color of the roof. Prev owners did a lot of add ons and the roof is shaped really crazy and it rendered that perfectly as well and I didn't even get on the roof to snap pics of it. I was able to download a PDF for future use as well with very detailed info"
as-10216824669,app_store,2023-08-03,5,4.76.0,Saving time😊,So far good
gp-65d5fa0e-cfc4-42ab-857c-27b5e89d24c1,google_play,2023-08-01,2,4.76.0,,"Keeps crashing! Basically, you can choose present designs. You can change all items in a category (windows, trim, etc.), but you can't change individual items (front vs back or main vs upper level windows) to get real personalized renderings of your ideas. Also, our rendering has white windows when we have brown and we can't change them, and the porch posts change with the trim but we have wood and want to keep them separate from the trim, but it's not an option. Pretty limiting app."
gp-6af00494-61c0-42ad-a167-51da208db90c,google_play,2023-07-27,3,,,"The app is great, but I have no need for it anymore and wanted my info deleted. Why is it taking 3+ months to delete my info? 2 emails stating they need more time."
as-10169572063,app_store,2023-07-22,4,4.76.0,[address removed]. [job number removed],"The left and right side of the house is identical 
Both sides of the garage and house are the same. They total about 1,145 sq ft of shingles to be replaced. 
Thanks. [name removed]"
as-10166171800,app_store,2023-07-21,5,4.76.0,App,Great app
gp-eb72560d-7643-4465-85a7-c3be9896e3d6,google_play,2023-07-19,1,4.76.0,,It simply freezes and has to restart constantly. Almost useless. The only good thing I can say is it seems to save progress well so every time you have to restart the app your progress isn't completely lost. Highly irritating freezes! I gave up trying to use it. And why can't it be used on a home computer where those of us who don't see perfectly can actually see things large enough to see clearly instead of a tiny picture on a cell phone?? You can't use more than one color on walls!
as-10110928653,app_store,2023-07-06,1,4.75.0,Undependable,"I have tried to use this app over the last 4 years off and on without success. Has it ever worked for me? Yes. Has it worked for me when I really needed it to? No. Today is yet another example of absolute frustration with this app. I’m an insurance field adjuster who works remotely all over the country, often in areas with limited cell coverage. The area I’m in now is also remote but growing, meaning there’s plenty of new construction that won’t show up on Google Earth. The perfect solution is Hover right? Not so much. Today’s example has me scoping a large, cut up country McMansion that just got finished this year. I show up and you couldn’t ask for better views of every elevation as there’s no landscaping around the house at all - the perfect blank canvas for Hover.

I get my 9 shots plus 2 extra with recommended clear space and full view of every elevation and corner to corner, etc. Textbook shots. BUT… I only have one bar of reception. The app says proceed to submit if you’re all done, which I am/do, and here’s where the fun starts. A blue icon shows up that says “Uploading” and a warning not to leave the app while its doing so. Okay, so I stand at the back of my truck and wait. And wait. And wait some more. I’m hoping not to be late to my next 2 inspections but I don’t want to leave until I know I’ve got the shots the app needs. But there’s no progress bar letting me know how far along it’s going if at all, so I wait. Like an idiot. The iPad goes to auto sleep, but apparently that’s considered ‘leaving the app’ because it throws up a notification on the screen telling me to come back. Is the upload hosed? Who knows? There’s nothing to tell me it is or isn’t, so I finally head out to my next appointment hoping I get better reception for it to finish. I’m literally driving with the iPad on my lap and tapping the screen to keep it awake, but nothing ever changes. It just says “Uploading”. Is it though? How can you tell? You can’t. You’re just a schmuck staring at a motionless blue icon you hope will change. It doesn’t. It hasn’t and it’s been over 2 hours and 2 calls to support with the only other option being a manual submission of photos that were thankfully saved to my photo roll. Suggestion for the developers: implement a progress bar and similar to XM8 mobile, have a resilient offline mode of capturing photos and projects that isn’t dependent on a strong internet connection when one isn’t available."
as-10094016605,app_store,2023-07-01,5,4.75.0,Intuitive and Easy to Use,"The program is intuitive, sensible and easy to use. I am told it allows the vendors to create a 3-D image and easily cost a project saves everybody extra time and work."
gp-eade4f23-b12e-40f8-946c-92c294b0d380,google_play,2023-06-29,1,,,This app did not work for me at all. I was very disappointed in the overall performance of the app.It prevented me from uploading pictures that were needed to be delivered to my adjuster. I hate this app with a passion. It is also very time consuming. Start again! 😞
gp-dcc7cf07-8455-48d7-89ca-200835b62e88,google_play,2023-06-25,1,4.74.1,,I like the interface but I don't like that pictures have to be specific some sides have brush or trees blocking area so makes difficult for 3d to be completed. Would be nice if I can take pics and switch them to 3d right away my self instead of sending in. 🙃
as-10067422928,app_store,2023-06-24,2,4.75.0,Doesn’t work for me,"I see a lot of good reviews but for my IPhone 13 max, I just get empty blue screens if I click on anything.

It looks like a cool concept hopefully this bug gets worked out so I can use it."
gp-50141e25-3434-4409-b418-b97035247061,google_play,2023-06-20,1,,,I used this app after not using for sometime. It charged my account after not stating any charges would incur so -$50 expect some unseen charges.
as-10050261723,app_store,2023-06-19,2,4.74.1,Crashing/Freezing and other,"My home was hit by a devastating to and early Friday morning, My Home Insurer sent me a Hover link. I have a lot of pictures on the app, but it is not saving half of them.. It keeps just disappearing/crashing and the app goes blank. i have been going through this since Friday morning.. Definitely a glitch.. I see other reviewers saying they also are having same issues.. it also will not let you submit at the 100% complete mark.. I have reinstalled the app, rebooted my phone.. I have an iPhone snd its up to date with updates.. I really need to get my claim processed and moving forward on this.."
as-10030009785,app_store,2023-06-13,5,4.74.1,Whoa,Killer technology.  Made an hour job easily done in 5 minutes.
as-10016493759,app_store,2023-06-09,1,4.74.1,Lame app,"Sent pictures from an iPhone 13 plus,  and it ‘failed’ because there weren’t enough transition pictures. Did it again, and took a ton of pictures exactly according to the tutorial, and the job disappeared into thin air. (No one received it.) Tried it on an iPhone 8 plus, and it wouldn’t let me start inside to capture interior photos. Very frustrating. The adjuster is going to have to come out in person."
gp-fc78d491-a0fd-42e9-bf82-fa80494926af,google_play,2023-06-09,5,4.73.0,,Soo very easy to use. I LOVE the features it has to play around with.
as-10013097388,app_store,2023-06-08,3,4.74.1,Does the job in a pinch,Overall this is a good app to use for properties with too much tree coverage. I don’t like the fact that if a property has multiple structures you have to pay for a report for each detached structure
gp-1ed28854-3f3f-4cad-9d50-468bfc0b7873,google_play,2023-06-02,5,4.73.0,,It's great when dealing with customers and experimenting with different options and trims. Cost estimates as well. Great job guys very impressed!
as-9989788751,app_store,2023-06-01,1,4.73.0,First time user,"After 6 hours the app is still evaluating my photos, you have been warned, not a helpful app."
gp-490304e3-4345-4fb4-bcfe-fba362341ed4,google_play,2023-05-31,1,4.73.0,,This app requires you to take pictures of the entire house from every angle but that's literally impossible with my house because the houses are stacked like directly next to each other. Dumb.
as-9965589947,app_store,2023-05-25,1,4.73.0,The app is lame,You cannot upload pics. You have to use the app and not a laptop. If you are working with a different vendor for a project you have to use the app for each vendor and walk around the house for each vendor. You cannot reuse existing photos. The app needs work.
gp-a02c8760-d071-4d3f-a69f-b50e2eec58bb,google_play,2023-05-24,1,4.72.0,,App stuck in evaluation phase. An hour later it completed. Now it says its report servers are too busy to process download request. Is this being run on HPs in someone's basement ?This ends my evaluation of the app.
as-9953871174,app_store,2023-05-22,3,4.73.0,Nice app but needs some upgrades,Nice to photo and document your damages.  Camera needs to allow zoom in for detailed damage. App needs to allow adding additional photos as significant damages are found on complex cases.
gp-ddfabafa-5401-4a1a-8790-962c441ff1c2,google_play,2023-05-22,1,4.72.0,,Was a awesome app but I can not view any of the interactive 3d models.I might delete the app 😭
gp-0be1756b-3bae-4c35-b0e9-8e55a0c22368,google_play,2023-05-21,5,4.72.0,,"Great app, easy to use and a great price. Having with adding more than one structure at a time though. As a my line of work often requires the measurement of Garages, sheds, patios...etc. Still an amazing app"
gp-db70c376-b6a4-4186-8a40-21eed96e9ff2,google_play,2023-05-19,5,4.72.0,,"If you're a contractor, it's a must-have tool. Safe a great deal of time. Having the option to send the tool in a txt to your clients with detail instructions on how to take the photos is priceless. Highly recommend 👌"
as-9916218034,app_store,2023-05-11,5,4.72.0,Amazing app and quick 3D renderings for job quotes,Honestly the best thing for exterior remodeling estimates ever.
gp-ddd7eb3c-dd92-4644-99c5-5dba502c8c25,google_play,2023-05-07,1,4.71.0,,No one wants to watch ten minutes of repetitive videos to use this. Very annoying.
gp-fbe9d1f1-ac4a-4ac3-ab20-61828209beec,google_play,2023-05-02,5,4.70.0,,"So far this application has been everything i expected and more. I only hate the fact that i cant upload photos, and have to open the app to take with it. Because i have a really good camera with a wide angle option that comes in particularly handy when I'm up close to the house because of limited yard space. Either add this feature to the app or let use upload pictures would be most helpful for that and other instances, to many to name."
gp-6567054a-c42a-4a96-b699-f44270e08fb5,google_play,2023-04-30,5,4.70.0,,Simply Amazing. I'm a 35 year veteran of this industry and honestly think next to battery-powered tools this the next serious game changer as AI finds its way through professional remodeling. Chip
as-9863875002,app_store,2023-04-26,5,4.71.0,Real estate broker,Love it…easy to use
gp-0c04b3aa-9671-457f-843c-ee11ae2c6649,google_play,2023-04-21,1,4.70.0,,While it does give you measurements I've had several jobs come in way short of actual usage. I've had others that give me a wide range and 10 sqaure difference and they tell you figure out what one to go off of. They did refund me the mistakes but still cost me way more after actual labor and material usage. I would also be very Leary of their window measurements and hand measure all of those.
gp-b21b5c87-e05c-4771-960a-8a8caec5c426,google_play,2023-04-21,3,4.70.0,,"Software did an amazing job with the 3d projection, but it does not have the full lineup of James Hardie products (specifically the artisan series) therefore it is only useful if you want to compare lap siding with board and batten or singles."
gp-b582e243-155f-4511-9ad4-9f6cb59e98e4,google_play,2023-04-18,1,,,The app is shockingly unstable. I've never seen an app crash this many times in my life. And it's not cheap either.
as-9832089501,app_store,2023-04-17,4,4.70.0,Project manager,Awesome app
as-9820984624,app_store,2023-04-14,1,4.70.0,Support girl lied,Was told by girl that answered phone I could use it and how to compare with current place I use and then put report up next morning went to compare and was down and was told 75 bucks for report after being told I could get one to compare
as-9811888852,app_store,2023-04-11,5,4.69.1,Awesome on the outside awesome on the inside,Incredible tool
gp-18ee0359-d509-4c3e-88fb-c38154f7b784,google_play,2023-04-09,5,4.69.1,,Amazing! It really helps being able to see the siding and roofing colors together. The design team did a great job on the revision requested too!
gp-5da1296a-ef6b-40c8-a069-89500a4a4f81,google_play,2023-04-06,5,4.69.1,,Overall awesome experience. Damn good quality 3d modeled renderings. Not distorted photogrammetry but cad quality models on which you can change any multitude of building mats and see what the real thing would look like after an exterior overhaul. Great app.
gp-ad63db5c-9e95-46b6-8d5e-2d100b5f91f7,google_play,2023-04-05,2,4.69.1,,"3D models work about half the time. Need the ability to upload photos, instead of only taking new photos. This is a pretty common ""feature"" for similar apps that involve uploading photos."
as-9779355760,app_store,2023-04-02,5,4.69.1,Are used for roof and siding,The best program app I ever saw I had a recommend
gp-1b9ef9f3-323c-4fd1-9c30-b6eef11e9e04,google_play,2023-03-29,1,4.69.1,,"The app was easy to use but I don't know who or what come up with my home having a crumbling foundation. which in return my insurance company Travelers cancelled my policy! To me someone or something has no knowledge of what are in the pictures. I had left over tin roofing 2 different colors leaned up against the back of my house to paint all the same color for a chicken coope roof. I removed it and resubmitted . They still cancelled me for your ""mistake"". Someone needs to make it right. RP"
as-9761224656,app_store,2023-03-28,5,4.69.1,Quality,A very good app to prior design your siding projects I love it.
as-9755180198,app_store,2023-03-26,1,4.69.1,"Cool concept, failed app","Not even the examples work. Can’t view example photos expected. Their rendered example models provide few customization options and changes apply to the whole house. For example, can’t make one wall stucco and the other wall wood or stone, it’s either all stucco or all wood. White stucco option doesn’t work. Would’ve been a cool app. Too bad it doesn’t work."
gp-c0ec0a47-623f-4309-82b0-b0a7db40011a,google_play,2023-03-20,1,,,"My photos remained in ""evaluating"" mode. My insurance co kept asking for the pictures. I tried their ""chat"" option (not easy to find in app). The rep couldn't figure out why they were stuck in ""evaluating"" mode after LOTS of troubleshooting. The rep said that if I had a poor cell signal @ the time, that may have caused them to get ""stuck. If that was the case, the app should have some notification of this to the user. Their solution: redo... mine, uninstall & the insurance co can come out."
gp-b47ba4e7-eb78-4428-a420-656a44e688ce,google_play,2023-03-20,1,,,So I initially created an account for my grandfather with a link sent to his phone with a unique url. It didn't ask me for an email. So I got a new phone and had to reinstall the hover app and everything I had uploaded was gone. So then I did chat with customer service and they couldn't find my account under any of my emails! They had all the info they needed and found the house but wouldn't tell me the email it was under. So now I have to drive 2 hours to my gpas and start all over! Not happy!
gp-65b0e335-07cf-4c32-be0a-ef933cfede71,google_play,2023-03-14,5,4.68.0,,"Amazing! I don't think I can afford them for every job, but it'll more than pay for itself if you want to save yourself hours measuring and sketching in Xactimate, just amazing."
as-9699127040,app_store,2023-03-10,5,4.68.0,AAA,It’s a great tool to get accurate measurements for any structure.
as-9693936088,app_store,2023-03-08,1,4.68.0,Never worked,I had to download this app to get an estimate for gutters. I downloaded the app took the pictures. Submitted the pictures and NO MODEL was created for me. Waste of space on my phone
gp-b1022024-0787-48ea-a8dc-166a8e4b45df,google_play,2023-03-08,5,4.66.2,,"As a homeowner, this app has been wonderful for getting different siding/color options for our house. The renderings usually take a day or two to get back, but as a homeowner, it's not a huge deal. I see this being a bigger issue for contractors."
as-9664664599,app_store,2023-02-28,5,4.67.0,Great App,It has come in quite handy!!! I recommend for anyone from diy to contractors.
as-9654301322,app_store,2023-02-25,5,4.67.0,Great App,Supremely helpful for Property Insurance quotations and hour enhancements!
as-9643507306,app_store,2023-02-22,1,4.67.0,Doesn’t Work,"After waiting several hours for the application to generate a model of my house, I was alerted via email that it had finished the work. 

However, the app’s core functionality is completely broken as it won’t load the model, not even after a force quit and restart of the app, and not even after closing all apps on my phone and force restarting the phone.  

The app just sticks in an infinite loop while trying to load the model. 

My connection is fast and stable as I have enterprise-grade Wi-Fi 6 access points all over the house and my Internet connection is fiber to the home."
as-9620980728,app_store,2023-02-15,1,4.67.0,Doesn’t allow measurements.,"Advertising suggest you can get measurements from the generated models.
I can’t get any measurements, plus they won’t give any accuracy information.
Support can’t help.
Might be okay if you want to see what color your house could be but I can’t see any value for a professional."
gp-7705ca55-48e4-4b62-8352-2d2d48dc5c69,google_play,2023-02-14,4,4.67.0,,"As an adjuster I use this app daily and often. While I feel my phone is slow, that's my only issue and I feel it not the app. So that being said it's come 180 from a year ago. Much better and more reliable anduch faster too once uploaded!"
as-9613086909,app_store,2023-02-13,2,4.66.2,Not great,"Not as great as the reviews. The app is limited on so many levels. You have to take pictures of the house add address and all before you can have a 3D design. This means you can’t already have the picture of a house on your phone and then upload it. You would have to drive to the house right there take a picture. It doesn’t have the feature to do already have the photo on your phone and that is a big con.  Also it doesn’t have the feature to change color of garage door and front door, which is another con."
gp-c1b8e7a5-61ed-424c-8fe1-4929b9b99ec5,google_play,2023-02-10,5,4.65.0,,"Hover is very easy to use very accurately and describes my home. Very detailed. I like the fact that I didn't have to wait on the adjuster to come and then wait on email from them very quickly in getting measurements. It took me more time to walk around the house than it took this app to complete the 3d design. Great job, very easy."
as-9596854740,app_store,2023-02-08,5,4.66.2,Amazing,Amazing app and tech
as-9532593650,app_store,2023-01-21,5,4.65.0,Hover App,What is the most interesting and Best 3-D version measuring apps
as-9532042621,app_store,2023-01-21,5,4.65.0,Best App Experience Ever.,Hover is the best application I have seen in a long time. Great job developers on creating a simple user format and app. Keep it up
gp-8aa46037-a71d-468b-bbbd-d255652f80ec,google_play,2023-01-20,4,4.65.0,,"I wish the architectural collection was available to preview in the 3D rendering. Other than that, I like that this helps the contractor estimate materials with precision."
as-9458736178,app_store,2023-01-01,5,4.64.0,Perfect for estimating,Need to know how much siding to order? How about trim or roofing… this list goes on. This app will deliver.
as-9452869557,app_store,2022-12-30,5,4.64.0,Easy & Intuitive,"Such a simple easy to use app. seriously easy intuitive interface, easy to follow instructions and the results you receive if done correctly are amazing... I cannot recommend this app enough to friends and family"
gp-9ec13e99-f6fa-44cb-97e7-f99216ac23db,google_play,2022-12-14,5,,,"I love Hover. After simple capture of a few images they helped my Mom get an idea of not only the square footage of materials needed for remodeling, but she got to visually see what it would look like. She can change the material types, and quickly the app replicates customizations giving it a different look and feel. It made her so happy and full of hope when she seen how much potential this house can be a home."
gp-568e2071-d037-4243-8eb1-3c6c11a91453,google_play,2022-12-09,1,4.63.0,,"The app only works if your house is completely unobstructed - no trees, no fences, and no other houses nearby!!! So unless your house is in the middle of an open field, forget using this app."
as-9317446116,app_store,2022-11-22,3,4.62.0,Takes ages to made the model and no export options,"I love the app idea, if it was working. Scanned my home waited 20min and it is still not done. To me it looks like a fake it till you make it app I.e. they are manually doing the models, hoping to rise more money and make it automatic. Also, could not export to any CAD format."
as-9300516430,app_store,2022-11-17,4,4.62.0,Great visuals,"The app is great. You have to wait about a day once you complete the pictures but not an issue for the great 3D visual. The software is very easy to use with lots of options. There is room for improvement however. I would recommend adding an edit option as currently you can only place one type I.e. one roof type, not allowing metal and shingle or stone & siding on the walls. Being able to change garage door colors isn’t available and neither currently is doors. 4 stars for great software and ease of use just a shame it doesn’t have that 1/2/3 layer option for multiple wall / roof types"
gp-055e07fc-15f5-477b-a09a-2d790e7ef5b9,google_play,2022-11-15,5,4.60.0,,"With out a doubt the best roof measuring ,materials app I've ever seen been doing this 27 years and it's nice to be able to take pics and trust the measurements are spot on and the 3d is unbelievable. If your a contractor and don't have HOVER your missing out finally a good measureing app thank you hover. cory blazek. Blaze roofing"
gp-ebfa6554-15a3-409c-900f-353393aaf324,google_play,2022-11-09,5,4.60.0,,This is a helpful and fun App for viewing options for home exterior designs. The visual is great. I've opened it several times to play with the options already.
as-9254820682,app_store,2022-11-04,1,4.61.0,Useless if you already have photos,"I already have photos that I want to use. Can’t take pictures now and would like to use what I already have, but app won’t let me. Completely useless to me."
gp-78eb554e-7c9b-40a2-acf4-d53a40792168,google_play,2022-11-04,3,4.60.0,,"I like the app and have used it a lot this year. However, a few weeks ago the feature to capture photos now and order later was removed. I contacted support via chat and the issue is still not resolved."
gp-d0631adf-90db-402d-80de-0e3310a2582a,google_play,2022-11-04,3,4.60.0,,Please update the siding colors with Hardie. I know it's their licenced version but without the ability to change soffits and facia colors it's hard to visualize their product.
as-9245517547,app_store,2022-11-01,2,4.61.0,Go lightly,"The app is great however  the consistency of customer service, payments, and fee structure has changed so many times since trying to incorporate this service into my work flow it makes me dizzy. I’ve used the app a handful of times and the service levels and price has been different every time. It gets resolved, but not without frustrating phone calls. Your mileage may vary but I can’t give it more that 2 stars until this gets squared away."
as-9244472055,app_store,2022-11-01,5,4.61.0,Great job,Great application and very precise and fast.
as-9228098202,app_store,2022-10-27,3,4.60.0,Really need the Accents feature added,"Just bought a house that desperately needs a new paint job. While I love how easy this app is, I really need to be able to see different shutters, gutters, etc. it would really make this app complete. There seems to be another app out there for doors as of now, but garage doors, front doors, etc would be amazing. 

Can’t wait for these updates."
gp-cbfd75f2-4e04-4206-ada8-042761b6ee10,google_play,2022-10-18,5,4.60.0,,I took 27 photos of the many angles needed and it all failed. Support got involved and soon had the measurements worked out perfectly.
as-9187871998,app_store,2022-10-15,3,4.60.0,"Superb app, but missing vital functionality.","No need to word salad this thing — the app is great….when there is an internet connection. What would be amazing is if users had the ability to snap photos to upload later, specifically when trying to capture 3D roof photos. Unfortunately, without an internet connection, the “take photos” radio dial greys out and I’m stuck without a product to provide to my client. This is especially disappointing in areas like Fort Meyers and Cape Coral after a hurricane. Secondly, it would be awesome if the camera wasn't fixed focal."
gp-a317df06-3256-4a6a-82ae-8ef0c21bfbca,google_play,2022-10-14,5,4.60.0,,"Such a sweet application!! Extremely useful in my field. Take or upload exterior photos of a home and Hover generates an accurate 3D model with all the measurements and generates a report. The reports are outstanding, the amount of detail it provides is insane. I had no idea what to expect and am so impressed by the quality and detail here. It's like eagle view but 10x better."
gp-5d70eb23-c164-4904-8793-96c93b29f84b,google_play,2022-10-11,4,4.60.0,,"The concept of taking my own pictures is good, and potentially cost saving, but I only got pictures of my secondary building, didn't get pictures of my main house and couldn't add it."
gp-4e6efb18-4cbd-4ced-ad40-733889803145,google_play,2022-10-02,5,4.60.0,,Very usefull app that provides house exterior measurement and excellent visualisation in 3D! I was able to choose the design for my house walls while working with my contractor very easlily
gp-fa4fbe5e-496d-4b3d-b960-8047a98f1b71,google_play,2022-09-27,5,4.59.0,,"I'm not easily impressed, and this shocked me. I have a very complicated home layout and it rendered it perfectly. So so impressed on how accurate and easy this was"
gp-616a2a58-3d65-4c1b-8c66-4bf89c74f36a,google_play,2022-09-20,5,4.59.0,,Hover is really amazing and needed tool for my company doing roof construction accurate measurements and customers love to visualize products on their home. Very helpful as hope to see commercial roofing be intergraded in future. That's just me as it's a great tool now
gp-9f6d2b11-d74a-4fb6-bee8-a5ca564689d0,google_play,2022-08-29,1,4.57.0,,"I think that this is a very dangerous job that the person may be elderly and not able to go on the roof to do the job of the travelers insurance company. I believe that the company should be doing this. So quick to take the money, but then want to drag y'all's feet once a claim was made, then saying that this action must be done, ridiculous. I sent shots of the roof and I am not going to be going back and forth on my phone to show the angles of the house, while on a roof. So stupid and inconveni"
as-9013501292,app_store,2022-08-24,1,4.57.0,Cannot sign in.,Huge waste of time
gp-044bef03-464b-448f-be67-566ac6b4316e,google_play,2022-08-12,5,4.54.0,,"Great App, love being able to see our home with the different options, will make the renovation decisions a lot easier. Just wish it had the options of landscaping and additions to main building, and doors! Keep up the good work this App has great potential for being a very useful tool for renovations! KUDOS TO YOU ALL!!"
gp-477687aa-1563-458b-8771-cb734ef12b92,google_play,2022-07-29,5,4.54.0,,"I've used hover from inception. Wasn't the greatest starting out, but the new fisheye update is phenomenal!"
as-8871299649,app_store,2022-07-13,5,4.55.1,Customer service,"This company has it together, only tech “like” company that is available quickly and will immediately solve your problem. Very impressed, plus the service they provide is top notch of course. 

Precise Exteriors, LLC 
MN"
gp-a0405daf-c38d-46e4-a187-8baf93d264db,google_play,2022-07-13,1,4.54.0,,Terrible experience all it does is let you change the roof trim an wall color also doesn't let you delete the pictures if I could give it no starts I would...
as-8854245027,app_store,2022-07-08,5,4.55.0,Casualty Adjuster,"It’s Great that the App guides you through taking photographs to help prepare the estimate and report; especially, for adjusters that don’t have a strong Property background …!!!"
gp-3e57a5c9-ea9b-4e81-b4ec-3aa69985b767,google_play,2022-07-08,5,4.54.0,,I love this app and the ability to either have homeowner take pictures or I take pictures and measurements can be made from the photos. I have been searching for an app with this capability there are some out there but they do not match this one by far. The only drawback is they have yet to incorporate all supplier paint colors and vendors and do not have decks included in the 3D model.
gp-268329da-8c0c-4502-b658-5d216e25eeeb,google_play,2022-07-08,5,4.54.0,,I really like this app pretty simple to use and I can get my team together pretty simply makes it a whole lot easier to quote jobs
gp-9bf0c2e1-cdd6-4a74-b8d0-80ea1d80cd6e,google_play,2022-06-28,4,4.54.0,,"Its is a great idea but in a neighborhood with small lots and mature vegetation, it isn't possible to get the photos required by the application. You simply can not get far enough away from the neighbors house to get the view framed. Or if you can get the view framed, some critical elements are obscured by bushes and trees. Update: In spite of my concerns, the App produced an admirable result. It prompted me for additional photoes then somehow put them together to calculate all the dimensions."
as-8800225577,app_store,2022-06-22,1,4.54.0,Lousy,"My first pictures didn’t have the corner shots quite right, so I try to take new ones. Every time I click on “retake” to take a new pic the app closes. I tried resetting the cache, reinstalling the app. Nothing works."
as-8797901216,app_store,2022-06-21,1,4.54.0,So many bugs,"App has more problems than features.  Acts differently on iPhone than iPad.  No undo on material changes in 3D view, when it loads that is.   Every time you go into 3D view, it asks for cookie acceptance.  This app was written by people who clearly need to “Learn to code”."
gp-faae7365-6020-43b6-9893-733e29ec17dc,google_play,2022-06-18,5,4.54.0,,"HOLY MOLY! Definitely worth trying out I came across this app while searching for a billing/invoice app and actually downloaded it accidentally. But now I'm really happy I did. Just from what I've found in the app, I was able to take a few pictures around the exterior of one of the houses I'm working on, and within about 30 minutes, received a notification that my 3d model is ready to view. It measured out (fairly accurate) all of the various materials the house had. Just try it!"
gp-d7d009a5-3ed3-4c43-b293-bf73ce5566e3,google_play,2022-06-18,1,4.52.0,,"""It will only take 5 mins"" according to the description that came with the mandated use by our new insurance company. After too many pages of ""and now take pictures of your, pets, heater, panel...."" we have been waiting for over 3 hours of ""Uploading, do not leave the application"". Unable to leave the house with my phone. When will it finally fail and start the nightmare again?"
as-8783868657,app_store,2022-06-17,1,4.54.0,worthless,I uploaded all the photos etc for insurance. The info that came back bears no relation to reality.  says I have a garage under my house. ?  I don’t. It says the sqft was less than 1000 - it is over 2000.  I relayed the correct information to the help desk and it was acknowledged but apparently not incorporated because it is still totally wrong.
as-8766751108,app_store,2022-06-12,1,4.53.0,Pain and Invasion of Privacy,"Amica, a insurance company made me use this app before they would give me a insurance policy that was May 31, 2022.  I followed all instructions given, wasted hours of my time in the hot Texas sun getting to photos they wanted.  The process of generating this layout of your house takes at least 24 hours to generate.  The photo have still not been uploaded.  The kids emailing me daily from Hover to complete the process are  clueless how to fix the issue.  The app has problems and Amica just has not even given me a yes or no on my policy request."
gp-e803b2cd-8683-43c1-a0d1-f6f6e1f4927a,google_play,2022-06-06,2,4.52.0,,"This app is pretty bad. I've used it hundreds of times for work. Not only does it clog up your photo storage, but they can't even get good measurements on small square buildings. Most measurements are beyond inaccurate, compared to my measurements by hand. Only thing this app helps with is large homes with excessive exterior walls or angles."
as-8741199662,app_store,2022-06-04,1,4.52.0,The worst company ever,I tried to take pictures for different times and they all failed this company is the worst in the world if they trying to be any good those reviews those stars reviews are incorrect it’s a terrible terrible terrible terrible terrible company
gp-00dcb396-7449-4551-bcc6-46b5c190f94c,google_play,2022-06-04,1,4.52.0,,Seems they're eager to take your money but unwilling to share ESX files. no how matter how much you spend unless you become part of their club...
as-8737650090,app_store,2022-06-03,1,4.52.0,Works 50% of the time,It’s frustrating as a contractor to have the technology that is suppose to help does the contrary and makes things take longer. Can’t say I recommend
gp-ee5cbc80-0ad0-4c6e-9a4f-7e5fbb873b83,google_play,2022-05-29,4,4.51.0,,"The app works well in guiding a conscientious homeowner through capturing pictures. I was unsure it had enough info, especially on the sides of my house since I couldn't capture a square-on side view that included the whole side. But the 3d render came out pretty accurately! It got an incorrect roof line over a small porch enclosure, but the rest of it resulted in a surprisingly accurate model of the house. Lost a star because the ""design"" feature refused to make brick and siding separate."
as-8713464612,app_store,2022-05-27,1,4.52.0,Expensive,"If you are an IA this is way too expensive. I got charged 120.00 for a pretty standard 2 story home, roof and elevations. I could’ve measured it manually relatively easy. I called Hover and they want to know how many orders I can “guarantee” them per year before they will offer a discount. No thanks, I’ll be using EagleView and Ridgetop going forward. Also, in tight spaces you have to take a ton of photos, such a pain. I have no idea why this is rated so high."
as-8707301224,app_store,2022-05-25,3,4.51.0,Does not work for all houses,"My home is a zero lot line house And I cannot get far enough away from the sides to give an accurate photo. When the app calculated the size of my house, it reflects a 30% larger square footage than my actual house. So, this is a huge discrepancy and I cannot find any way to correct it. I was on chat with the Hover site for over an hour and I finally just gave up and called my agent."
as-8663815878,app_store,2022-05-12,5,4.51.0,Salesman,Best app ever!! Highly recommend!
gp-b344e242-7e7d-4a97-bdf3-5ec44b4f1960,google_play,2022-05-12,5,4.50.0,,"I am not sure if Hover can take the area of a room inside the house with the Ceiling photos Only to get the corners, when the floor corners are not visible due to obstructions/things stored."
as-8655138152,app_store,2022-05-09,5,4.50.0,Very Good,"I can’t believe how accurately it rendered my house. I have close neighbors, trees in the way, etc. I thought there was no way this would work. It managed to produce a pretty accurate rendering."
as-8643826530,app_store,2022-05-06,2,4.50.0,Unsatisfactory,I supplied every photo it asked for and that’s not enough. Says it needs more photos but doesn’t specifically ask which ones it needs.
gp-3f451296-4e62-451a-a253-94911e115df5,google_play,2022-05-02,2,4.48.0,,Great idea. Poor execution. Said no internet when phone does on other apps. Also has problems with houses in confined areas.
gp-55594bb5-29ff-427f-aef7-d5a4ad545227,google_play,2022-04-26,5,4.48.0,,This is badass! Was not expecting it to be so cool. Just took a bunch of photos and bam 3dmodel!
as-8603171985,app_store,2022-04-24,1,4.49.0,Horrible when it takes hours to upload and still unable to upload,Horrible
gp-f27375cb-4b50-4223-8c9f-127068fb2cff,google_play,2022-04-15,3,4.48.0,,The results are great. It just takes 45 min to and hour to process and you can not use your phone during that time frame. You must keep the app up until complete. Very big inconvenience.
gp-d48a172d-5035-4d0e-b419-33e01368d10b,google_play,2022-04-10,1,4.48.0,,I couldn't create an account. I was good on the password requirements (all 3) and checked ok with legal stuff but the button to create account was grey and inactive
gp-62396575-440c-4229-8efa-907fb5284a1b,google_play,2022-04-07,4,4.48.0,,"It first failed do to trees an bushes in the way but about 24 hours later, I finished. I assume there was some human intervention on the insurance side. Probably over laying all the edges and corners."
gp-992f090c-59ec-4cf7-865f-119fdedb8cfd,google_play,2022-04-07,5,4.48.0,,So far it's working awesome takes a little time for evaluation and out of two properties iv gotten 1 but could have been because of poor lighting
as-8539165038,app_store,2022-04-06,1,4.48.0,Failed Jobs,"Constantly getting failed roof reports because of their software cannot do what it’s meant to do…measure the exterior. Numerous times, I’ve left the property and only after I leave, they email me saying they need more information. This could be an amazing app, but I’ve lost hours of my time dealing with the glitches."
as-8535911269,app_store,2022-04-05,4,4.48.0,Great BUT a suggestion,Such a great app to help finalize exterior home projects. Only suggestion is to allow the manipulation of different areas of the house. For example we wanted to see vertical siding on our second floor with stone on the first floor. We also would have liked to see part of our roof with shingles and a different area with tin.
as-8534976098,app_store,2022-04-05,2,4.48.0,Lens only,This is only a lens. Can’t add photos already captured.
as-8521564167,app_store,2022-04-01,1,4.48.0,Clearly just selling your data,"Liberty mutual wants this installed to take home pictures for an insurance claim. The access this app requested is ridiculous for that purpose. Clearly exists for selling info and I assume liberty bibberty is getting paid to recommend it. Emus gotta eat I guess. 

Just got a response from the developer something about access to photos and not providing it. Great stuff. Lol jk, why do you need access to contacts, location, etc? I’d attach the email but apple doesn’t allow that in the App Store. Could you possibly be selling the data from the app?"
as-8520767595,app_store,2022-04-01,3,4.48.0,Needs improvement,"Great tool for capturing 3-D structures. However, you should be able to upload photos from your camera roll, or resubmit photos that were denied for one reason or another. Sometimes you cannot upload the photos for hours after you visit a property, and the insured is unable to use the app for one reason or another."
as-8498759469,app_store,2022-03-26,5,4.48.0,Good so far,So far so good I’ll let you know if it’s not accurate lol.
as-8490940468,app_store,2022-03-24,4,4.48.0,Michigan,Hope this works good
as-8462241035,app_store,2022-03-16,1,4.47.0,Was told to download this app for an estimate,Was told I needed to use this app for a roof estimate. When I went to use the app it wouldn’t let me take pictures. Tried to upload my own and it wouldn’t do that either.
as-8444875843,app_store,2022-03-11,5,4.47.0,[address removed],One of the easiest programs I’ve ever used. Simplifies everything. I would recommend this app to everyone.
as-8430219324,app_store,2022-03-07,2,4.47.0,"Neat idea, but unfinished","The scan to 3d part of the application works extremely well, and I’m looking forward to additions to the app. Only issues were that it cut out our front porch, the back deck, and couldn’t capture the brick chimney (scanned it to be the same as the siding.

Right now, after you get a pretty cool 3d scan of your house, that’s it. The editing tools are extremely limited- basically you can change the roof or siding color. You can’t do landscaping mockups, you can’t change the porch, you can’t even change the shutters. 

I’m looking forward to see if they add other critical features- that would make this a 5 star app."
gp-32419e2b-949c-43a1-aa16-a286c7da054d,google_play,2022-02-23,1,,,"Won't even load the app properly. Tried installing several times and the app just won't run. Opens and hangs at the logo screen. I have a bone stock Pixel 5A, not much more plain Jane Android than that but no joy here."
as-8385488218,app_store,2022-02-22,5,4.46.1,Exceptional and simple,Hover has transformed my business’s bid to sales conversion rate. It provides assurance with my customers that I am going to deliver the very design they are wanting. It is a simple and effective tool!
gp-e6570e97-bb37-4ae6-9114-4df295700929,google_play,2022-02-21,1,4.45.1,,Doesn't work... Wasted an hour taking pictures that never uploaded properly. Then couldn't delete failed uploads or my account. Dont waste your time. Product needs a lot of work.
gp-be49364f-a550-4774-b8be-225b13eb5f67,google_play,2022-02-20,4,4.46.1,,"You CAN undo changes. You have to scroll along the bottom for more options... there you'll find ""reset"". 4 stars because you can't upload photos you already have."
as-8333716161,app_store,2022-02-08,5,4.45.1,TheRoofers,Hover is the best out there for measuring thanks keep the good work up!
as-8333601013,app_store,2022-02-08,2,4.45.1,Roofer,"I
Questions if there any obstructions of view or you are not far enough away from the structure the photo does not register,correct?  That’s a problem"
as-8316101504,app_store,2022-02-03,5,4.45.1,Excellent app but needs more,"I’m not a builder of any kind but I am impressed I am able to see my full house in 3D. It is really cool, and the customizable is superb. My only concern is the app needs much more, because if needs more engagement, fun, or a reason to use it"
gp-c90f464c-cf34-4973-919f-2b9e0c71b2b5,google_play,2022-02-03,5,4.44.0,,Makes my job easier with the measurements and drawings. It pretty much does everything u want it to do. Uploads ur pix from a swipe or touch of ur finger.
as-8290748202,app_store,2022-01-27,1,4.44.0,Terrible program,"Does not capture windows, decks, or other vital components of house even after clearly photographing them. No way to add photos or edit anything after the fact."
as-8278367165,app_store,2022-01-24,3,4.44.0,Easy but limited usefulness,"This app was not designed for use on urban properties with limited separation between buildings. If you don't have 20-30 feet of clearance between your house and your neighbor's, it will not work. It also has problems with hilly lots and lots with trees."
as-8276788467,app_store,2022-01-24,5,4.44.0,Working class roofing and siding,"Simple to use, digging the 3-d with color viewing. Especially since it’s the siding I use. Nice app."
gp-b66e22a3-fcbd-49b6-a020-93f0a9803fa2,google_play,2022-01-21,3,4.44.0,,"Failed to finish capture. App requested reference measurements but provided no guidance on how to make them. No clarification found in FAQs. Also, App failed to deliver photos for my computer when requested."
as-8259080248,app_store,2022-01-19,5,4.44.0,Best app for home improvement!,This app is amazing I love it I can get my measurements without having to get up in us a message to Roofer the tape measure recommend to anybody!
gp-ff4f9648-ed2a-4b63-97dd-041886e48840,google_play,2022-01-17,2,4.44.0,,"Does not allow you to delete pictures. You have to start all over again. Also, it does not merge woth other vendors so when getting price quotes you have to keep taking pictures for each vendore separately. They should be able to retrieve your pics. I gave it a 2-stars because once you succeed, it looks nice."
as-8201309513,app_store,2022-01-03,1,4.44.0,.,It it doesn’t even let me create an account
gp-fd3bafa1-cffd-4108-8fec-1aae03be12f9,google_play,2021-12-25,1,4.39.0,,Useless app. Submitted pics twice at request of my insurance company. They still did not get them. They finally had to send an inspector in person to look at my house. I am now deleting this failure of an app permanently.
gp-8996feb4-5f8d-4f70-99c8-61b5dad06477,google_play,2021-12-10,1,4.42.0,,Complete disaster! Bogs down my phone and renders it unusable while the Hover app is running. If I didn't eat this app for work I would never have it on my phones....
as-8090018493,app_store,2021-12-03,1,4.41.0,I would give it ZERO stars if I could,"Update: Hover support replied and informed me that there is a setting that allows photos to be stored on the device. That's great suggestion IF it would have been noted in the installation instructions.  I am a homeowner taking photos for insurance purposes.  I'm not.  Also, the options to “allow access to your photos” is an Apple option and the options provided aren't clear. Who would want to give access to ALL your photos? How would one know that, as Hover stated This DOESN'T allow them to see the other photos on my device.  I'm adding a 2nd 1 Star rating for the documentation.  For homeowner use, this should be part of the installation information and not dependent on interpreting Apple's options on settings. I can understand Real Estate users are different than home owners and wouldn't want to store every picture. However, it's very likely that a homeowner would like to store the photos, especially, the OTHER photos.

Where to begin? PS, I have many years in technology and software. This software has many problems. It's not suited to larger properties as it cannot accommodate houses with pool houses, guest house, or other out buildings. It's also not always possible to go back a step to correct something. The report about the pictures I took wouldn't open. Instead I received a message that the website may be trying to steal my data and couldn't be trusted. This is often caused by an incorrect or expired SSL certificate. The most annoying shortfall is that it's clear that the photos you take, including the extra photos, aren't saved anywhere on your device. What's up with that? I would go out of my mind with frustration if I had to use this app everyday."
as-8080773188,app_store,2021-11-30,4,4.41.0,Foliage,"The app works great until you get a home with lots of foliage hiding the structure and windows, it’s virtually impossible to get good photos. Any suggestions"
gp-5ab98374-ef37-4c2e-b7e0-ecbd6932dd66,google_play,2021-11-29,1,4.42.0,,"Just took a bunch of interior and exterior photos of my home for my homeowner's insurance (this is the app they use to determine dwelling replacement costs). Photos all disappeared from app, insurance company didn't receive any of the images, and I have to repeat the photo-taking process. Really annoying, not impressed, and this app is my only option to update my homeowner's insurance coverage. Zero stars."
as-8058570312,app_store,2021-11-24,5,4.41.0,"John Grosvenor, AIA - please let me know if you can capture this for a full model!  Thank you.",This product would be great inside as well
as-8052331716,app_store,2021-11-22,1,4.41.0,Hover review,"This app is a total FAIL!
I uploaded photos twice and after an hour, it logged me out and I had to redo everything. After the third time I quit and ordered an eagle view. Do not use!"
gp-682376ed-7f5f-461f-bcd0-23ee7468279a,google_play,2021-11-19,1,4.41.0,,"Absolute garbage, unfinished buggy mess. The app has terrible slowdown issues when processing photos causing pictures to sometimes disappear. Navigating the UI is unreliable due to stutter and the app itself will freeze. HOVER Account created under different name from google account name :)"
as-8038118910,app_store,2021-11-18,5,4.41.0,Awesome!!!,Awesome tool in closing sales!!!
gp-2e62f0ae-34a9-46c5-bf11-b1698547d4a5,google_play,2021-11-18,1,4.41.0,,"The product is useless unless you have a clear unobstructed shot. Clearly they have never heard of interpolation. They ""fail"" your picture and provide no specific insights to work around their limitations. Stay away."
gp-328380f6-9620-49f1-b4ae-b9c679111c2c,google_play,2021-11-13,1,4.41.0,,It's very slow and you'll leave a job and an hour later it says failed Usually if there is a tree or odd angles. It's helpful but needs lots of work.
as-7998720692,app_store,2021-11-07,1,4.41.0,What is the point of cloud app that won’t upload,"Wa forced to use this for a virtual insurance appraisal and would  have given this 4 or 5 stars but 24 hours later it is still”uploading”.  

A complete waste of time"
as-7932075940,app_store,2021-10-19,5,4.39.1,C Pitmon Rtm Roofing,"Hover gives me everything I need to do roof replacements, exterior siding, and even helps with interior remodels when making changes to roof pitches and ceiling heights."
as-7921358394,app_store,2021-10-16,5,4.39.1,Incredible help to my business,This help helps me immensely with my architectural business. It saves me lots of time measuring and documenting.
as-7885458087,app_store,2021-10-06,3,4.39.1,Ehhh,This app is great and saves time but often notifies hours later if a picture didn’t take. It has several bugs that need to be figured out.
as-7882085472,app_store,2021-10-05,1,4.39.1,Will reduce the value of your home,Makes sense insurance companies want people to use this it cuts the replacement value of the home by 10%
gp-a8da3e71-1cde-4aaa-a3f3-3aad1602722f,google_play,2021-09-26,4,4.38.0,,"App is great, measurements are pretty accurate for just using a few pics. Using their website on computer makes changes a lot easier than using phone. Only issue I have is I would like to be able to export 3d drawing in cad, xml, etc. for just one house without having to pay expensive membership fee."
gp-18529b00-1427-44a7-aeee-990fd1ed603e,google_play,2021-09-25,1,4.33.0,,Took many adicional pictures. From the ground and the roof. The failed notification is to long and I'm on to the next claim before fail notice is received. Ordered from another company and had the roof measurements in an hour without having to supply any images.
gp-e357775a-0480-4363-9066-9e3896f8a7ad,google_play,2021-09-19,5,4.37.0,,Great app that worked better than expected. Very user friendly and self explanatory. Customer service was there for my help.
gp-23c9e50f-448b-486b-b880-4a6d6f65d119,google_play,2021-09-08,1,4.36.0,,"Horrible app... if you so happen to have ANY bushes or trees around your home, it will not take the REQUIRED pics needed by our insurance companies when demanded. So if you have a tree nearby in blocking view of any side of your home, good luck on this app. Also, once if somehow you do get photos added. It is impossible to add more photos of possible additional damage located AFTER you complete your original loaded pics. Cannot add any more AFTER the fact. Doesnt even give you the option."
gp-cb52ad48-7a29-4a1a-b5fd-44c46fc81d3d,google_play,2021-09-05,4,4.36.0,,I would like to take a moment to explain that my damages in the pictures have been temporary fix starting with my skirting I put it back up to keeps cats from under my mobile home they destroy the insulation underneath if I didnt..I haven't been able to get on the roof to get picture but you can see from the ground that there are shingles ripped off.. I like yalls app so far makes things alot faster... Thanks..
as-7766923576,app_store,2021-09-03,1,4.37.0,Doesn’t let me create an account,"My insurance adjuster asked me to use this app to take some photos. Should have been simple enough except the app won’t let me get past the screen asking me to create a password for my account. It acknowledges my password is good but still doesn’t let me click Create Account on the bottom. The button is just greyed out no matter what I do, rendering this app completely unusable. I also tried clicking the privacy policy and terms of use thinking I might need to scroll through that first but that does nothing. Literally unusable."
gp-f8a62c99-9014-4c85-a124-ee528aef0cb2,google_play,2021-08-27,3,4.36.0,,Trying to update my profile and it doesn't save and keeps telling me I have no internet connection.
gp-7b179214-1920-48ee-bfc2-38d901f9753d,google_play,2021-08-25,5,4.35.0,,Definitely the best option 4 quick and easy measurements as well as you have the photos when needed. And the 3D is awesome for sales
gp-512551e1-ed1d-4547-b353-f8c1f3667169,google_play,2021-08-18,4,4.35.0,,Its a really cool app its nice to be able to change the color of the house and see what it would like
as-7701481319,app_store,2021-08-16,1,4.35.0,No response,"We uploaded our photos, followed up with them via the app, no response."
as-7688524817,app_store,2021-08-13,1,4.35.0,Horrible!,"Told me my bid would be $5 charged me $1,$5,and $70 for one roof bid! I would of measured the whole home myself for that price 🙄 don’t get ripped off!!!!"
as-7659323338,app_store,2021-08-05,1,4.35.0,Just Awful,"On behest of my insurance company I just spent an hour taking pictures of my home: every room, mechanical device, fuse box, plumbing under every sink,Exterior shots all over the property, pictures of every angle of the house. Then I clicked the upload button, and the app erroneously said I didn’t have an Internet connection. I do; that’s how I’m writing this right now. So that’s bug #1. Now all of those photos are gone. Bug #2. These are serious functional flaws and somebody should be fired. 

I cannot recommend the use of this app until it works correctly."
as-7654899044,app_store,2021-08-04,5,4.35.0,The best!,"I started using in 2018/2019.  Speed. Accuracy. Professional Staff.  I’ve used it in hurricanes at Baker Bay, Elbow Cay, Marsh Harbour, all over the Eastern US & Colorado for Insurance work.  Only once or twice I couldn’t get the tight shots.  It even works with my wide angle. 
Thank you!"
as-7648234677,app_store,2021-08-02,5,4.35.0,Absolutely Amazing!,"I cannot believe how accurate the renderings were. The ability to change siding, roofing and add brick accents helped me sell a $93,550 job. The roof measurements were spot on, also. Very happy with this app and software. Thanks!"
gp-e5b6c265-588a-4968-a64a-78347c629fbd,google_play,2021-08-01,5,4.34.0,,"My insurance had me down load this app. I had no ideal their was an app of this magnitude. I honestly didn't think I would see anything this complex in my life time. The creators of this app really out did theirselves. When I went through the app it was showing my two garage doors were an inch different in width. Me being me, I had to pull a tape and sure enough the app HOVER was correct. This app saves so much time and breaks down everything from the roof square footage to everything else."
gp-feb91243-b52d-406b-84a0-b2278c9c4c4a,google_play,2021-08-01,3,4.34.0,,"Easy to set up, but hard to get some of the needed pictures due to the topography of our lot."
as-7603483872,app_store,2021-07-21,5,4.34.0,So cool!,This app is the coolest thing ever
gp-e5d0e6f0-3a2f-465e-83ec-0a7ee57b7d09,google_play,2021-07-21,4,4.34.0,,"Great concept, saves me a lot of work. If only they would allow us to complete the hover form with pictures that were previously taken without waiting on customer service."
gp-54fe6346-8a3c-45a4-b3d7-08a77b4c2914,google_play,2021-07-21,5,4.34.0,,It be a lot better if the results were quicker instead of having to wait for a long period of time to get the measurements back to u
gp-301c5823-9c28-4449-9dd6-ad36bfbd35b2,google_play,2021-07-21,5,4.34.0,,Amazing app! Super simple to take a few pictures and a extremely accurate 3D model!
as-7592640394,app_store,2021-07-18,5,4.34.0,Great App,Love the detail and ease of use!
as-7573162417,app_store,2021-07-13,2,4.34.0,Awful,This app is even less stable than my ex.
as-7572239671,app_store,2021-07-13,2,4.34.0,Pictures,Couldn’t adjust distance setting In order to capture all or part of house. Pictures are very distorted.
as-7561906814,app_store,2021-07-10,3,4.34.0,Gotta pay big bucks for measurements,"I downloaded Hover to get measurements of my simple bungalow. I needed to figure out how many square feet the roof is. This app makes a nifty 3D image of your place for free, but you have to pay a fair amount of money if you want measurements. And no, the 3D image is not downloadable. Bottom line us if you are a professional this would be really handy, but for a homeowner, it’s cheaper to get out the ladder and tape measure and measure your place old-school!"
gp-f2b8e037-236d-4aa7-bf54-18fca72cb0b5,google_play,2021-07-02,2,4.33.0,,"Horrible. After submitting pictures, there's no feedback on whether or not you're done. Live chat answers, but then never replies to questions, is always ""waiting for info from team."""
as-7528317430,app_store,2021-07-01,5,4.33.0,HOVER Review,Just started using Hover and so far it is excellent. Very user friendly
gp-31de7eb3-7693-4cf2-8d03-9eea159c788b,google_play,2021-07-01,1,4.33.0,,If you have Amica and they make you use this app it is painful. They say it should only take 10 minutes but the app needs way more time than that to even process the exterior pics before even allowing the interior pics to be taken.
as-7524765041,app_store,2021-06-30,5,4.33.0,Astounding,My lot is narrow so a bit hard to get the photos this works from but once I did and I got the results - it’s astounding. I don’t know how inch perfect all the measurements are but the certainly have to be close. It was a bit of a pain to get the pdf from the company but wow it’s amazing. I would think that roofers or painters or solar people would eat this up. I’m extremely impressed.
gp-695508de-63f8-40c5-9cd7-c826f43148c9,google_play,2021-06-25,1,4.32.0,,I used this app for Amica insurance. Amica and the app said it should only have taken about 10 minutes. It took me 2 or 3 hours of careful picture taking. Then without making any contact Hover said that I have a 2 car garage and no basement. I don't have any garage or even a carport. I have a full finished basement. I took many dozens of photos and Hover completely botched the job. I no longer trust me insurance company either. Stay away from this app.
as-7497716279,app_store,2021-06-23,5,4.33.0,Great,Nice app. Worked fast and was easy to set up. Liked the added options for home customization.
as-7491359394,app_store,2021-06-21,5,4.33.0,3-D,The 3-D results of our rustic cabin were amazing.
gp-8738e043-e489-448a-8d85-9f468ece5d28,google_play,2021-06-21,1,4.32.0,,"A contractor asked me to use this app to help them estimate a job (without having to actually visit our house). I found the app very frustrating to use. The sun has to be at a perfect angle or the app doesn't like the picture. App has trouble figuring out walls that are not rectangles or have angled edges (like walls that meet a roof peak at the bottom). Also, if your contractor sends you a link to download the app, you MUST use that link to download the app, not just download from the store."
as-7482812733,app_store,2021-06-19,2,4.32.0,Why can’t I save versions?,"It’s simple enough to edit, but if you can’t save versions, it’s difficult to compare changes."
as-7479496783,app_store,2021-06-18,5,4.32.0,Project manager Belfor us,First opportunity do use hover.Way too easy love it will make everybody’s job easier to the large apartment building that had the middle of it burnt out and made it look like it should’ve looked to begin with will help immensely with estimating
gp-7c0d62a6-6c64-4a9a-85e7-7a867e691237,google_play,2021-06-17,5,4.32.0,,"Awesome tool, being able to show a homeowner all of their color combo options with specific brands is invaluable, as well as being able to take all necessary measurements for materials ordering and estimates with just a few photos. Love it."
gp-03c64a35-dee0-4e86-981b-47d934aa34ae,google_play,2021-06-13,1,4.31.0,,I picked the pay as you go and the switched me to the Monthly. Canadian criminals. Don't help them build their data base and screw you in the process.
as-7447499562,app_store,2021-06-09,5,4.32.0,Amazing,"This is a GREAT APP. I have spent countless hours measuring from corner to corner and sketching and re sketching two - four times. I love it!!! Just absolutely amazing!!!! 
10 out 5 stars"
as-7433681868,app_store,2021-06-06,5,4.31.0,Accurate and thorough,"Shocked that this is a free service, even to businesses. Very accurate and more info than I even need on most occasions."
as-7407168501,app_store,2021-05-30,5,4.31.0,Great platform,Love the simplicity and accuracy.
gp-588ea3cf-d9a7-442a-913b-dc2e93c10cd0,google_play,2021-05-28,4,4.30.1,,Amazing and so helpful. Mike from TMJ construction suggested for me to use the Hover app to help me get a better idea of what my home will look like when they are done. For a newbie to this stuff.. AMAZING. Thank you
as-7394721835,app_store,2021-05-27,1,4.31.0,One word,Terrible!  The app said
gp-67e3b99b-7e95-4151-9583-2015233eb1fa,google_play,2021-05-25,4,4.30.1,,Great tool but when u accidentally archive something you can't get it back.
as-7384176701,app_store,2021-05-24,5,4.30.1,This APP is Awesome!!!,I love it I could not take a picture of my right side because there is no room so I thought it would not work but it did... even got my sky lights... amazing app!!!
gp-f9e52205-b1f4-4aca-a32a-58055e3bceb0,google_play,2021-05-22,3,4.29.0,,"I am an inspector and run on android and have been somewhat pleased with it but also somewhat disgruntled. I set the app to upload over any connection and was wondering why it took 3 weeks for it to complete a couple of jobs for me. Come to find out, it will only upload the jobs over wifi on android. This needs to be fixed. If I have a Hover in the AM and don't get home until late, it means an adjuster won't get my report same day as promised. When it does upload it seems to work pretty well."
as-7353164073,app_store,2021-05-17,5,4.30.1,Amazing!!!!!,"Ive used a lot of other apps but this one is by far the best. Easy, simple and right on the money with the measurements every single time. I’d recommend this app to anyone."
as-7343458663,app_store,2021-05-15,5,4.30.1,The best 3-D model experience for a residence,Industry quality for individual application for free! Enjoyed it totally.
gp-9c286e2b-c8ee-4790-b890-8c49d93553a4,google_play,2021-05-14,1,4.30.1,,Useless app can't get measurements like it said in the discriprion. Only good thing is i didn't get an ad
as-7334867846,app_store,2021-05-13,5,4.30.1,Noice!,Very noiice!
gp-894e5bc6-6225-4f34-86a5-d7a07345c125,google_play,2021-05-13,5,4.30.1,,"Doesnt any easier.. And when I get nervous it wont come back because of obstructions, it always comes back with pretty good acuracy."
as-7332258447,app_store,2021-05-12,1,4.30.1,Overcharged,"They took $80 out of my account when i signed up for a pay per job option, i was only supposed to be charged $25."
as-7312935637,app_store,2021-05-08,3,4.30.0,Frustrating,"After taking all my photos, I got to my last photo, I thought I had taken it correctly and I hit done it took me to the next window, but would not let me go backwards to add the additional photo, and the time it took to upload everything I was back home when it told me it failed, so that I had to drive back out to the property retake the photo in the spot that it was missing, and then it failed again. Very frustrating.

It would be much easier app if it would let you upload the pictures into the spots that you needed."
as-7312129996,app_store,2021-05-08,5,4.30.0,Most amazing free software for quick designing,I’m blown away with the power this home design software has. It took a little while to upload pictures and got the 3D model to build but once it did I was amazed. My wife wanted to see d what a certain color metal roof would look like and of course not on our current exterior color either. This software lets you change pretty much any aspect on the exterior of your house and lets you see what it looks like!! Really amazing
gp-39a17c9b-9122-43e4-a8cc-09a355f0ef5a,google_play,2021-05-05,1,,,It took several days to simply upload photos. The app froze up all the time.
as-7296656893,app_store,2021-05-04,4,4.29.0,Disregard the siding profile,"Not sure why I can’t change the siding direction. A lot of clients want to change from horizontal to vertical siding or vice versa and that should be an option. It would help a lot with letting the client know what the final look would be. 
Another thought is to just have a siding only option and a siding/roofline option for payment since many clients just want that and not the roof. 
Otherwise this is an amazing app and I use it every week. Thanks for all your work and please keep it up!"
as-7290756137,app_store,2021-05-02,5,4.29.0,Great App,Highly recommend
gp-df04d06a-02e3-4f5f-a4c2-53b9a8f1b229,google_play,2021-04-30,5,4.29.0,,"Saves me so much time, and the faster you can get a number to a customer the more likely they will keep interest in doing the project and less time for them to get other estimates. Great program."
gp-be179630-66d2-49c1-8bf0-9578ae5aa442,google_play,2021-04-26,4,4.29.0,,"Installed ap as a homeowner. There are also contractor options, which you pay for. Homeowners get measurements for free, but you have to go looking for them (I eventually contacted support) They emailed me the PDF, which was extremely detailed, much more than I needed, but good to have. Ap also has neat design tool, so you can look at your house in various colors and siding styles. I would have rated 5 stars if it was easier to access measurements"
as-7252783441,app_store,2021-04-22,5,4.29.0,Great app,Ideal for someone in a rush and needs a rough idea of how much material they will need
as-7226540359,app_store,2021-04-15,5,4.28.0,Love this product,Love this product
as-7212287002,app_store,2021-04-11,4,4.28.0,Pretty awesome tech!,"This app has been great! The only thing we wish was better is that the windows and doors and window wells be placed a little bit more accurately. After comparing with the real site work on multiple models, we noticed some small discrepancies being 1-2 feet off but overall a great app!"
as-7207345273,app_store,2021-04-10,5,4.28.0,Amazing!,First time user. Incredible technology!
as-7199713109,app_store,2021-04-08,4,4.28.0,App,Good apps but better if you have a single house with a big yard to take the picture
gp-3b992fa2-0b4c-4651-8d93-5dcd92af0841,google_play,2021-04-08,1,4.28.0,,Very very few options for a homeowner but you'll get spammed like crazy with emails and surveys!
gp-d4b11b52-7e64-48b0-8ec4-2531371aa2d1,google_play,2021-04-05,1,4.27.0,,"Useless app for a homeowner. Specs, measurents, and other info are not available. This was not clear until after wasting time for the pictures and waiting for rendering."
as-7179702105,app_store,2021-04-03,5,4.28.0,Review,"Good product, good be a bit faster, but very accurate"
as-7174134183,app_store,2021-04-02,5,4.28.0,Incredibly useful for Architecture RASA Sketch Roundtable’s,S
as-7155636567,app_store,2021-03-28,5,4.27.0,Love it,Being able to try different options for our home’s exterior  has been easy with this app!
as-7133173362,app_store,2021-03-22,5,4.27.0,Hover works!,Easy to use and saves money in the long run if you need professional drawings to complete a project or remodel.
as-7118299657,app_store,2021-03-18,5,4.27.0,Awesome app!!!!,Took a few pictures from the ground. And they did the rest . Perfect!
as-7113914935,app_store,2021-03-17,5,4.27.0,Excellent application,"Amazing technology, and more importantly excellent service. The team gave me my measurements free of charge and were highly responsive."
as-7099900819,app_store,2021-03-13,5,4.26.0,the best,A+++
as-7091756877,app_store,2021-03-11,5,4.26.0,First Time User,Outstanding use of technology for both the seller and contractor.
as-7087804662,app_store,2021-03-10,1,4.26.0,"App Times Out, forces delete and replace","It would have been nice to know that all photos would be needed to be taken at one time and loaded at one time. Few people with a job, house, family, or any other responsibilities can work toward the app’s requirements. This means that you have to delete and reinstall as the app will stall and you may not move ahead. Poor design."
as-7085400810,app_store,2021-03-09,5,4.26.0,Upgraded Features,These new updated features are ABSOLUTELY AMAZING!! A TOTAL GAME CHANGER for sure!!
gp-22bf286a-a86b-4e34-aecb-b5c545e829ea,google_play,2021-03-06,4,4.25.0,,I use for insurance claims. It's pretty good on structures in wide open spaces. Don't expect the accuracy on zero lotline properties.
as-7070156191,app_store,2021-03-05,5,4.26.0,Amazing product,Really easy to use ans accurate. Game changer
as-7058479083,app_store,2021-03-02,5,4.25.0,Blown away!,This is a MUST HAVE as a homeowner OR a contractor.    Perfect measurements and detail.  Plus can add color and siding details to home based on actual brand names.   Amazing!
as-7038828083,app_store,2021-02-25,5,4.25.0,The Derb,I don’t know if hover does interior stuff but they should. Love this app
as-7037781372,app_store,2021-02-25,5,4.25.0,Just wow!!!,"I’ve been let down by a lot of apps but this app right here is super simple to use I took eight pictures of my house in about 15 minutes later I had a completely accurate 3-D design of my home. I was blown away. this app did not let me down, the only problem I’m having is how to get the measurements to show up. But I plan on repainting my entire house and I did it on this app in less than two minutes to show me what it’s gonna look like, I highly recommend it!!"
as-7033154569,app_store,2021-02-24,5,4.25.0,First time user,Uploaded 18 photos and got a pretty great representation of the exterior of my home. Very cool app.
as-7021648916,app_store,2021-02-21,1,4.25.0,Nice idea,It’s probably a cool app if I could use it.  I hit the sso(single sign on) button and it kept telling me “the email is not available for sso”. So I hit the sign up button and nothing happens.  Glitch in the program.
as-7014522090,app_store,2021-02-19,5,4.25.0,"Hover, who knew","Awesome, just awesome!"
as-7013230998,app_store,2021-02-19,5,4.25.0,Amazing service,Integrates with our CRM! We combine our roofing and siding reports all into one. Great service!
as-7011390840,app_store,2021-02-18,5,4.25.0,Amazing app,This app is amazing! It is so simple to use and works great.
as-6997572588,app_store,2021-02-15,1,4.25.0,$50 unreasonable,"I can not believe I was charged $50 for this service. It takes way more time to walk around the house trying to capture photos, and half the time they don’t work. I used it because I thought it was $20. NEVER AGAIN."
as-6982849543,app_store,2021-02-11,5,4.25.0,Great for all contractors,Love their service
as-6958964415,app_store,2021-02-05,5,4.24.0,Coolest app,Love it
gp-2060a125-2bdd-4d2d-9388-0805e96db8a2,google_play,2021-01-22,1,4.23.0,,I am a customer and I just noticed that I am being double charged and over charged for my reports. Extremely disappointed. I cant get a hold of support and no one will get back to me from the 844 number.
as-6881566787,app_store,2021-01-17,2,4.23.0,Not Good for Large Houses,I uploaded a total of 45 photos of my house getting multiple vantage points of the corners. Each time my upload was failed for lack of “good corner shots”. This tool is essentially using the photo match tool that comes standard on sketchup and allows for a variety of photos to be used to create a 3-d model. You should allow for the upload of panoramic shots to address this issue.
gp-b4bd55f6-5458-4e5b-b40c-58e190981850,google_play,2021-01-16,5,4.23.0,,"Great for a free app and 3d rendering of your building/home. Somewhat limited in terms of renovation options, but the main features are there and sorted by manufacturer."
gp-41644642-8abe-41c7-8fe4-3aa01e015762,google_play,2020-12-13,4,4.22.0,,Amazing 3d model. For homeowners I wish there was an option to purchase 1 time for measurements. Fun to look at though.. thanks
gp-a530fa9a-68e2-43e0-8f64-c56ec20603ef,google_play,2020-11-24,5,4.21.0,,I absolutely love hover. It lets us grab our roofs and siding at the same time as well as integrates with both of the material manufacturers we use. When covid came out instead of gouging their customers by charging for it they let us use remote capture for free. It is absolutely a necessary tool to have in your tool belt.
gp-b6dfe2c1-9919-483a-9933-1ad0e4569fbc,google_play,2020-11-24,5,4.22.0,,Great experience overall. Fantastic app. Great value and amazing technology. We have received fantastic customer service from Johanna and Geo also. Great reps.
gp-022f0185-54c5-44e9-8542-a1e32a874872,google_play,2020-11-23,5,4.21.0,,"Awesome app. Customer service is excellent. especially Clayton. Any issues I had, usually operator error, we're always adressed quickly and very professionally. It's good to talk to someone in person instead of going to computer prompts to fix an issue."
as-6670612307,app_store,2020-11-21,3,4.21.0,good potential,"I’m admittedly a bit of an edge case because two sides of my house are too close to other structures (4ft) so i can’t get reasonable photos of them... though they are identical to the other sides, so it would be nice to skip a couple photos and try to get a workable model anyway."
gp-a3c5fc7b-709a-4508-950d-6b2917f12b03,google_play,2020-11-21,5,4.21.0,,Great app! Customer service is fantastic if you have any problems or issues with the app. Great features & diagrams within the app as well.
gp-db351e32-d5f4-4f2f-ae9d-0a2d2ff6be77,google_play,2020-11-20,5,4.21.0,,"My company and I use Hover for all of our roof estimates. It save us time, no risk from climbing roofs, it gives us accurate measurements and even a 3D model of our prospect's home. Its easy to use and brings top of the line technology to us by just snapping a few pictures. I recommend this app to everyone ~ you won't be disappointed."
gp-197a75ff-aa62-4595-b630-3d263291162f,google_play,2020-11-20,5,4.21.0,,"Most Accurate and innovative home measuring and 3D model app on the market. A total Game changer for our the home improvement business. Improved our customer's experience with the Amazing 3D model that helps with the visual of the new look of the home. Our sales numbers are up, our customers have more immediate confidence seeing this utilized. And the support from the Hover Team ( Especially Nicole ) is 5 star also !!! Highly recommend it!!!"
gp-45b5870e-eb4e-44d6-80c6-2318eea5f8f5,google_play,2020-11-20,1,4.21.0,,"Strange app, asks for entirely too much information. Asks for access to your photos and also location. But wants you to take brand new photos of your house for them to even use the photos. Seems like a weird fishing scam"
gp-2f2d2a82-ed15-4c6f-81e3-b91180799b43,google_play,2020-11-20,5,4.21.0,,I mainly use Hover to get precise measurements of roofing and siding when doing inspections for insurance companies. I find the app extremely easy to use. I get results quickly. And if I have issues or questions the people at Hover have been extremely helpful
gp-f723419e-023f-4422-a63d-6819be9a69f4,google_play,2020-11-20,5,,,"I have had a great experience using Hover. The speed and accuracey of the app is second to none. Also, shout out to Clayton who has provided fantaatic customer service."
gp-2db00deb-0365-497b-bc22-64bfba99c785,google_play,2020-11-20,5,4.21.0,,This app is awesome...To be able to get a full 3D rendering of my home is groundbreaking. I will be telling all my friends about this app. It fun to look at my home and daydream about what I want done to it.😁 Thanks Hover
gp-a43989e0-d007-4370-aff1-b46b9e98462c,google_play,2020-11-20,5,4.21.0,,"Clients love being able to cycle through options for their home in a 3D model. Not only is it great for production, but used right can also be a sales tool."
gp-33d2e6bf-37b7-4774-af8b-d6066f835ce4,google_play,2020-11-20,5,4.21.0,,These app was very easy to use and the measurements didn't take that long. Love it!!
gp-37b7923b-c0d2-4f79-a352-2b6cedee0af8,google_play,2020-11-20,5,,,Game changer app for the home construction industry. Has definately helped boost my sales game and overall customer service!
gp-0de2c7be-4beb-4815-afdc-fe005220c640,google_play,2020-11-20,5,4.21.0,,I work for a roofing company and Hover makes our jobs seamless and easy when it comes to measurements!
gp-e94923b2-bcc5-40bc-adb2-60f8c241babf,google_play,2020-11-19,5,4.21.0,,Hover has been an amazing product for me to use while I am out in the field working with my customers on their roofing needs. Their 3-D modelling gives me the capability to make adjustments and show homeowners multiple options on the fly and expedites the entire roof replacement and paint process.
gp-d037fd2d-641e-4eed-bcb6-6341f00c50c0,google_play,2020-11-19,5,,,Excellent program! Photos are simple to upload. Results are received promptly and accurately.
gp-a90deb94-07e2-45d7-a92d-e4a98b859d3f,google_play,2020-11-18,5,4.21.0,,This is the best app to measure houses. The customer service is always there when you call. You actually talk to humans. The fastest app I have ever used to receive the measurements oh and did I mention the most cost effective.
gp-5a3fd647-cc32-4252-b2f4-c83c9128165a,google_play,2020-11-18,5,4.21.0,,"I love this app, simply put, you just have to try it. It is combined with ease and simplicity to use, along with all the detailed measurements you could possibly need on a home. Oh, and the 3D component is amazing! I highly reccomend this app, once you use it, you'll never use anything else."
gp-510d6890-a416-4c59-be14-1cdc15e5876c,google_play,2020-11-18,5,4.21.0,,This program has been amazing for not only myself but for many friends. Clayton has been an amazing help with any help we have had. Thank you Clayton!!!!
gp-161f26e9-b704-4fe6-bf89-c3d107c23c11,google_play,2020-11-18,5,4.5.2,,Hover works well for me. The speed and accuracy has improved in a big way. The service is 5 star as well.
gp-8a5e940f-a280-4d73-b12d-ecfa9213145a,google_play,2020-11-18,5,4.21.0,,The hover app is awesome. It allows us to Accurately measure for a home's roofing and siding and also stores that data so we can refer back to past customers and have information at the tip of our fingers for future projects.
as-6657052150,app_store,2020-11-17,5,4.21.0,The app does it all !,Everything this app is capable of is amazing. It continues to make our business and production run smooth. The support team as well is always on-top of everything we need. A must have app if running a home improvement business!
gp-00636920-3a54-4657-a8b6-2f2ef038e7e2,google_play,2020-11-17,5,,,"As the production manager for a sizeable roofing company this app has simplified my day to day work. The app is easy to use, making it simple for all of my team members to use. The photo capture is my eye in the sky allowing me to see projects in their entirety from the comfort of my desk. The Hover team is great with communication and help to keep me informed on new features within the app. A great app choice for anyone in the Construction business!!"
gp-92da1340-e57f-423d-a68b-d7b6ca318cf0,google_play,2020-11-17,5,4.21.0,,My overall experience with Hover has been great. Sure there is a few hiccups here and there but they have a great support team. If something is delayed they get right on it and are very responsive. Would highly recommend.
gp-d526b7c4-de25-4004-9ddf-429b7416258d,google_play,2020-11-17,5,,,We love using hover. Makes the job so much easier. And we are able to get to areas not as easy on foot
gp-57013849-d7f3-4f1a-8cf8-3ff5a0e358dc,google_play,2020-11-17,5,4.21.0,,"Have had a great experience with this app. Really helps bring the project to life for the customer. Also it has extremely precise measurements. It's like magic! Thanks Clayton, you've been a tremendous help."
gp-cde3104c-b823-413a-b4fb-6994c1bc81c0,google_play,2020-11-17,5,4.21.0,,Love this app! Extremely detailed drawings and measurements. Great customer service too!
gp-f0d632c1-0166-4c19-9a65-73ab0d5d25c1,google_play,2020-11-17,5,4.21.0,,Great measurement tool! I have used it to bid roofing and siding and paint and it has helped me close deals.
gp-1ab4b8bd-deb4-4c0c-bcb8-27a48e98d187,google_play,2020-11-17,5,4.21.0,,Great app!! Johanna and the support team make it great with all the questions. The app keeps on improving.
as-6652274966,app_store,2020-11-16,5,4.21.0,Excellent support,I had a glitch with loading a sketch and the support team was great.  I worked with Chris who was knowledgeable and helpful.  Thank you Chris
gp-3f3ec268-39e4-4b81-9f62-ed4a8a7ccde9,google_play,2020-11-16,5,4.21.0,,"Great Customer Service! Great product! Only extra thing I could ask for is ventilation/accessory count. Turbines, turtles, ridge vent, pipe jacks, broans, etc. As an office manager putting together Xactimate estimates for insurance and relying on Hover, if the representative from my company doesn't note the ventilation,accessories, then its another trip out. Its a small inconvenience that we usually fix ourselves, but having that incorporated into the report would make things alot easier!"
gp-deb592b3-ac23-48c3-a4fb-e0573cd53007,google_play,2020-11-16,5,4.21.0,,"Great app! Awesome diagrams and so cool to be able to use it and make changes to homes for colors, different siding, accents, etc."
gp-544d2630-6106-451f-b6b5-01909861788d,google_play,2020-11-16,5,4.21.0,,Love this program. Great customer service and the accuracy of the measurements is fantastic. Saves more time so you make more money.
gp-540ce0db-4f4f-43bd-a4d7-c4e4ed5547fc,google_play,2020-11-16,5,4.21.0,,Love this app. As an exterior renovations salesperson I could not imagine doing my job without Hover. My customers love using it for design and colors choices.
gp-428bbc81-9f49-4c0d-aa96-73bd7271d443,google_play,2020-11-16,5,4.21.0,,Hover has been a valuable tool for my company. The 3-D renderings of the home have been proven invaluable in showing the homeowner options. I would highly recommend this to any company!!!
gp-6aef6342-f14b-49e6-bafb-5f8e59d8b562,google_play,2020-11-16,5,4.20.0,,This is an amazing app and this technology is incredible special shout-out to Matt Dufford for your quick response and help when I need it.
gp-8e33e1c7-3412-4096-92f6-e72533cd5c70,google_play,2020-11-13,5,4.20.0,,This app is incredible. Saves a lot of time and does most of the leg work for you giving you more time to spend with clients and preparing the job.
gp-7fc92a12-65dc-4c63-b2de-3f1cb830247b,google_play,2020-11-13,5,4.20.0,,"Extremely helpful for construction purposes. If there is ample space to take pictures, this is an invaluable tool."
gp-decdbde8-e840-4b29-b1a8-a2f22ea3fc00,google_play,2020-11-12,5,4.20.0,,My team and I use Hover on a regular basis. Can't imagine having to hand measure some of the projects we manage. No bugs or issues after 50+ projects.
gp-e8d0c2d3-1a0c-4e6e-806a-19115f930f88,google_play,2020-11-11,5,4.20.0,,Love this App. It works great in areas where I'm unable to get an accurate satellite view of the home because of tree cover or location. I've been impressed with the 3D models and quick return time!
gp-018353c8-96e6-4ad5-afbd-2388c602fe77,google_play,2020-11-10,5,4.20.0,,"I use Hover in a very unorthodox method (I.E. Not for roofing or siding etc..) and can't be more pleased. Very accurate, extremely professional and timely responses on all fronts (measurements, models and even support). I really can't recommend them enough! Thanks Hover for making my job so much easier!"
gp-5833ed75-ac45-4e78-b522-ed8ebb021f3a,google_play,2020-11-10,5,4.21.0,,I use Hover on every job. Such an easy to use and essential tool for my business.
as-6599090313,app_store,2020-11-01,5,4.20.0,Great app!!!,Time saver!!! Great
as-6570408274,app_store,2020-10-24,1,4.19.0,Doesn’t work if you’re in a condensed populated area,"Couldn’t get far enough away from my house to take all the pics it wanted. I was down a few houses down the street. App should clearly say if you don’t have whatever 50-100’ of clear space on every side of your property, this app won’t work for you. Disappointed."
gp-513f23e0-1564-4e16-9234-32fac59d446f,google_play,2020-10-23,5,4.19.0,,I've been working with Clayton at Hover for a couple of month's now and we hand adopted the technology for increasing our consistency and accuracy of complete house measures. I think they've only failed to render one or two out of a hundred houses. Accuracy is as good as the photos you take.
as-6563254929,app_store,2020-10-22,5,4.19.0,"Awesome, Awesome, Awesome","This app is super easy to use.  With very little guidance, almost anyone can use it effectively.  It is very rare to encounter a scenario that this system cannot tackle successfully.  I receive very positive and excited feedback from everyone who gets a chance to use it.  This is a real game-changer."
as-6563198227,app_store,2020-10-22,5,4.19.0,Excellent app,"Excellent app, good on time info"
gp-57c7acfb-48e9-4d61-8fcc-af27ef1190a8,google_play,2020-10-21,5,4.19.0,,Awesome App! Tried out with a test group of Sales Reps and their overall numbers increased up to 40%+. When a customer can visualize on their home what you are selling they will be more comfortable buying from you.
gp-ab9a5dd1-4cfa-4e75-bcd0-e283ee681ac2,google_play,2020-10-19,5,4.19.0,,This is a great app and the support I receive is even better. Hover allows me to provide very accurate measurements to my clients and with that comes a huge amount of credibility and confidence knowing that my measurements are accurate. There are times when I can not get the the required pictures due to yard/space restrictions and I am not sure if we can get the report. 100% Hover has come thru!!! I use Hover on almost all of my jobs. Great App that takes the guess work out what we do.
as-6550145838,app_store,2020-10-18,1,4.19.0,Terrible,Won’t let me upload one photo I’ve already taken so I can edit it and add exterior changes etc.
gp-63717439-6d6e-4135-a85b-3198a375f462,google_play,2020-10-16,5,4.19.0,,"Amazing customer service! I had to get a 3D of a house that was VERY SMASHED into other houses and COVERED in trees, I did the best I could with pictures. After, I reached out to Clayton and sent him additional pics to see if there was any more that we both could do to capture the house. He was very responsive and helpful. We weren't able to get the house but that is a rare occurrence! What mattered is that I felt like the team did everything they could do to capture that house."
gp-256bada4-365c-45d4-9c5a-aca6aa9d1392,google_play,2020-10-16,5,4.19.0,,"We use Hover every single day with our roofing, siding and window projects. Insanely easy to use. I'm technology illiterate and its easy for me. Very quick response time and very accurate regarding measurements. The support staff is there literally whenever we call them. I highly recommend Hover to anyone in the exterior trades."
gp-b41f601b-53de-4bf6-9aaa-d07134eb6e73,google_play,2020-10-16,5,4.19.0,,Amazing App! It is extremely easy to use and very user friendly. Definitely the best imaging tool out there in the industry.
gp-d4a25266-d7d7-4670-8d44-21848e8d8474,google_play,2020-10-16,5,4.19.0,,"Hover is an awesome app and the support team is just as great, Highly recommend this app!!!!!!!!"
as-6539027480,app_store,2020-10-15,5,4.19.0,Loving Hover,"This program takes the stress out of measuring. Simply put, it will make a contractor’s work a lot easier. I’ve been using it for six months and it continues to impress."
as-6538985747,app_store,2020-10-15,5,4.19.0,Game Changer!!!,This App along with my sales rep Garrett Flowers helped me excel to the next level in my career. With his help and guidance on how to use the almost self-explanatory app I was able to boost my numbers and income. This app helped my customers decide faster and allowed them to see the change their home without any worries. I highly recommend! Thanks again Garrett. 🙏
gp-0aa3c30b-7246-420d-9015-99cc48c4e3d7,google_play,2020-10-15,5,4.19.0,,This program is amazing! It will give me an edge at work (sales) but has also been a lot of fun to play with overall. Garret with Hover is great and I love the value he has added with this app!
gp-4db83036-74df-43c2-bd5b-5562a214a8a8,google_play,2020-10-15,5,4.19.0,,Garret did a great job showing me this app! This app easy to use and gives you tons of info about your house.
gp-819f0d2d-54fb-4f70-a1ac-fe41f3f33b77,google_play,2020-10-15,5,4.18.0,,"Very solid software, helps immensely to highlight key areas and the total amounts of material needed!"
gp-53a85e47-86a7-47c9-a860-645bca509f64,google_play,2020-10-15,5,4.19.0,,"This app has made my life so much easier! Not only does it save time, but it is a real value builder with homeowners!"
gp-c191390f-a76b-4e88-a953-7c2d53d575df,google_play,2020-10-05,5,4.18.0,,Great app for quick measurements and even to get visual models. Support team is awesome for quick issues and questions
gp-b5fc08a6-ba34-49f4-b5cd-a279f479c187,google_play,2020-10-02,5,4.18.0,,"Great app with a great support team. Seriously, if you are in the exterior trade industry, you need to be using this app!!"
gp-098a4db2-ac14-4108-97f6-7ca413579fba,google_play,2020-10-01,5,4.10.0,,Hover is totally awesome and has turned many of my jobs into retail opportunities. The design tool has been a smashing hit with most of my homeowners! Thanks!
as-6433110310,app_store,2020-09-15,5,4.17.0,So Cool!,"This is the coolest app!  I have always wondered the measurements of my house and roof, this program did it all for me!  Now I can get a pretty good estimate for roofing and siding materials.  The detail I received is amazing"
as-6426266952,app_store,2020-09-13,5,4.17.0,Add a cancel button,"I am very pleased with this app overall! I have many times received the results before I’m even leaving the job. Now that I have used it many times I made a mistake today which prompted me to write this review. I took my photos and touched finish. In that moment I realized I took photos in the wrong file. It was too late! I was watching it upload and couldn’t stop it to make my correction. Once you have taken your photos and click the finish button there should be a way to cancel the upload. Surely, this is possible. Aside from this I am very pleased!"
gp-576a4c80-3901-42e9-aedb-065a94f89a54,google_play,2020-09-09,1,4.16.1,,I have tried to upload photos to my travelers insurance company for now for 12 hours and it keeps coming up failure unknown what the problem is it's not my Wi-Fi or Internet connection but still can't upload anything. Not happy with this app.
gp-82f3fe20-4038-45c8-acc5-3dc97e322c98,google_play,2020-09-04,4,4.16.1,,"Easy to use the app, but some shots were difficult to capture to its satisfaction due to obstructions such as a wooden privacy fence and large trees. I wish it had an option to include additional photos for structures on the property other than the house - for example, a detached garage."
gp-95ccc77e-d448-4b85-b513-5e829a0b6843,google_play,2020-08-27,1,4.16.1,,"It would not upload pictures. I would get error upload failed. I have no issues with phone or internet or cell service. I tried 3 times. Once Wi-Fi only, once cell only, once it was mixed. I give up. What a waste of my time since I had to retake the pictures three times. Also, it seems someone can't do math because how can file upload be @ 257% . 100% means it is done!"
as-6346512239,app_store,2020-08-21,1,4.16.0,Does not work,"Capture button “grayed out” without any indication of the problem.

Maybe it’s because the name and phone number are blank?  Not sure because when I try to save them I get an error about “no Internet connection”. I definitely have Internet (WiFi and cellular) and I’ve tried this on multiple occasions. My insurer is waiting on me to do this.

Supported contacted"
as-6340992498,app_store,2020-08-20,1,4.16.0,Wait a week+,"For a measuring app, kind of expect to know the results when you shoot the photos. 

Weeks later, still processing. Covid is giving as the excuse, but honestly - should make no difference- it’s an AR app and should just work. It does not."
as-6339369951,app_store,2020-08-19,5,4.16.0,Would love to use my wide angle camera on my phone!,5 stars because everything worked flawlessly first use. I just want to be able to use my wide angle camera for those tight spots. But that could be in an update down the road.
gp-0872fb84-72b0-464a-bfda-2da9861a5d07,google_play,2020-08-11,5,4.15.0,,Great but why can't I add recently made photos from the internal memory? I have to capture every side again instead of loading ready to go images in few steps. Thanks
as-6301015777,app_store,2020-08-09,5,4.15.0,Amazing,"I used this app for an insurance claim. I had a lot of trees and decking in the way, but it still created an incredibly accurate 3D model that was 99% correct. It missed one window that was impossible to get into the photos due to the trees. I’m very impressed."
gp-8333f8ae-c739-44f9-b69e-b7c9e297ebad,google_play,2020-08-06,1,4.14.0,,"Jobs will re-upload several times, even days after you've recieved the emailed report. Of course, when its uploading, it is almost impossible to create or work on a new file while another is uploading."
gp-e1338e2b-2dde-4c7a-97c2-eba89ccc7715,google_play,2020-08-05,1,4.14.0,,"Unless. All i wanted was to upload an existing picture of the front of my house to visualize a few minor improvements. The app forces you to take new pictures of every angle of your house, even though i only want the front. They also force you to provide your address. No thanks."
as-6226501105,app_store,2020-07-21,5,4.13.0,Landscape design,"Great app!! Please create a Hover 3D landscape version.

Thanks 
Mike the homeowner"
gp-20c3dcbd-82ac-44ef-abc2-3e55d393043b,google_play,2020-07-16,1,4.13.0,,"Hover is a great service, but the app crashes constantly and is very slow. My app opens, hangs on the main menu while the photos load, and then stays open for about 15 seconds without responding to button clicks, then crashes. I've sent in several bug reports and spoken with Hover support, who is happy to upload my images manually but can't speak on whether a bug fix is in the works or if this is a common issue. I wish the app would work because I really like Hover otherwise."
as-6194796915,app_store,2020-07-13,1,4.13.0,"Watch out, privacy risk","This app refuses to do anything unless you give it unrestricted access to your entire photo album. There’s no justification for that other than invasion of privacy. The only other explanation is horrible software engineering, which likely results in getting hacked, so it’s basically the same thing. I uninstalled immediately."
as-6178066799,app_store,2020-07-09,1,4.13.0,DO NOT WASTE YOUR TIME!,Absolute HORRIBLE customer service!!!!
gp-f4334797-b602-4ef0-a189-5d5c224d9a98,google_play,2020-07-09,5,4.12.0,,"This is amazing... 8 pictures and I have everything I need to keep contractors honest with me. Being able to tinker with colors and styles is incredibly useful. I've never reviewed an app before, but I am completely wowed with the results"
gp-2eb2afa4-57cc-4360-9a49-4c30ad4167fb,google_play,2020-07-03,5,4.12.0,,"Impressive! If you've ever stitched panoramic photos this app will be second nature. Take many photos, more than you think you'll need. Don't be shy! Use both portrait and landscape mode depending on your situation. In the end a 3D image of your structure is created. You can paint it! This is just too awesome. PRO TIP - set uploads to 'wifi only' if the upload fails."
as-6137797856,app_store,2020-06-29,1,4.12.0,Step back in technology,This program is annoying. I work an area with a lot of big houses and smaller lots. Getting an error on every single photo you take becomes time consuming. There should be an option to turn this notification off and just let us take pictures. Other aerial measurements are far more advanced.
as-6124151056,app_store,2020-06-26,2,4.12.0,Disappointed,Don’t use unless you have a very simple house. Sent project through app with over 50 pics only to find out a day later they can’t complete the project. Will have to make a 6 hr drive back to get measurements. Should have some way to let you know it’s not going to work before you leave site. Better measure it yourself to make sure you have the info you need. Unreliable at best.
as-6122531008,app_store,2020-06-25,1,4.12.0,Long wait making the app useless,"For the past 2 months, this service has been taking longer and longer. I used to get my measurements back with 1-2 hrs, now they’re over 72 hours...if you get the measurements back at all. They say it’s “COVID” and “storms”, give me a break. All these guys work from home, these excuses just don’t fly.  Customers(homeowners) are expecting quotes returned to them within 24 hours, can’t do that when hover personnel take over 72 hours to get you measurements. 

My other beef with this app is that you have to pay for the roof measurement whether you need it or not. I just need measurements for the siding, but I have to pay for the roofing just to get my siding elevations."
gp-a6eb5827-42ba-43bd-a424-c48c9b9ccfe6,google_play,2020-06-18,2,4.12.0,,"This app seems like a good idea. I was capturing photos for my insurance company and the app kept freezing and when I was more than half way done the app went down, saying no internet connection. I re- downloaded the app and samme issue. Try reaching out for support, no help. I have a deadline to get this done. Need help asap"
as-6087795264,app_store,2020-06-17,1,4.12.0,Scam?,"Only can see measurement estimates unless u upgrade and does not tell u what upgrade costs prior to hitting confirm button...and as u have to give them your phone number and email before u receive even stupid roof info..so now I can look forward to endless soliciting...greeeeat, we all love that!  :\"
gp-4f4baf2e-b5fc-4b22-9a9f-efcc784062a9,google_play,2020-06-07,1,4.11.0,,"Useless App ! Once you upload your pictures you CAN NOT look at your property in 3D . I will be looking for another app for this. I could see the 3D on the contractors phone, but what good does that do me."
gp-b2820fd2-5146-4c22-a310-cd79d18d5821,google_play,2020-06-06,1,4.9.1,,"The app works relatively well but it wasn't though out well enough. The app has problems when houses are close together and you're unable to take the proper photos. Also I HATE that I have to have this app on my phone to work, I don't trust their security. And for the training meeting they use xoom, who is notorious for security issues. I just don't trust them. Edit: I don't need help taking photos with my phone, you need help with security and intuitive design. Avoid app at all costs."
as-5997689308,app_store,2020-05-26,5,4.10.1,Best measurement software anywhere,"We have been working with Hover for a few years now and love absolutely everything about it!  It is so easy to use!  This makes all other measurement software seem obsolete and over priced.   Their staff is second to none!  In my time with them I have had the pleasure of working with Garret Flowers and Casey Knuth. Both of them have treated us like their most important client.  They take our questions and concerns and make sure that we are taken care of. Once you use Hover, you will have no desire to use another measurement company ever."
as-5996944058,app_store,2020-05-26,1,4.10.1,Doesn’t Work,"Nice concept, issues with the app and app functionality. Took pictures and got a rendering. However, I can’t get an export of the measurements. Their webpage says “first house is on us”, which isn’t true. It asks me to upgrade for measurements. Looking at the pricing table, sounds like I need to pay per house. However, the only payment option is a $250 per month subscription. I’m not going to pay a subscription for one home rendering."
gp-1583e0d2-d6b4-479b-a286-1eee23999189,google_play,2020-05-25,3,,,Free trial seemed alright but I didn't have enough use for it too pay for it and continue using it.
as-5965716433,app_store,2020-05-19,1,4.10.0,Won’t respond to support requests,"Using app for a insurance adjuster using link he sent 

Completed measurement and it’s now
Just processing 

On adjuster send he can’t see I’ve done this I had to screenshot him and hover is unreachable beware of your time spent and $"
as-5965446526,app_store,2020-05-19,2,4.10.0,Don’t be fooled,"This is a Mickey Mouse program ... it’s great if you don’t want to add or remove shutters, save your designs, share the designs with your client, add or remove trim, offer standing metal seam roof options or change the color of the existing metal roof.... the absolute best part is spending over an hour to try to create a rendering on a multi faceted home just to accidentally hit the back arrow and lose everything.. no prompt or warning that you’re about to leave the page... it just reverts back to the original rendering (this happens often due to the location of the arrow) ....the measurements are also somewhat questionable and you should still hand measure a wall to check its accuracy...."
gp-4eb48438-e9f0-4317-a171-9801c56ae860,google_play,2020-05-18,1,4.10.0,,"Like so many others that commented on here my photos are just stuck idle in the ""Processing"" phase for days. Maybe if I had said I was a contractor I would have had better luck."
gp-b5b918ae-dd9f-4f39-848c-07856f818f80,google_play,2020-05-15,5,4.10.0,,"The first property I was doing with hover has so many trees and some privacy fences and some vehicles in the way so that I thought sure there was no way the capture was going to work. Not one of the eight pictures I took where the weather supposed to be, including one complete wall from corner to corner or two walls at a corner. It took all night before I got it back but it came out perfect and I was blown away! Thanks so much to whatever geniuses put this together!"
gp-536d9cde-d60b-42eb-8791-b67cb7c6f790,google_play,2020-05-13,4,4.10.0,,"I tried to use and it it has been over 2 weeks and there is a pop up message about current storms affecting processing times. I sent in pictures and I never received the rendered 3d model. Edit 5/12: I talked to support and they got things squared away, were polite and answered all my questions. I do wish the model worked better with windows and doors but it seems good for siding and roofing."
gp-0fb35923-78cf-4c99-a71d-28f034cdee0d,google_play,2020-05-13,5,4.10.0,,"Very good, I needed something to quickly and easily digitize my house so I can do some redesign etc. It was so easy, a couple of pictures, a few hours to wait and done. Now I can have an accurate model that I can work in sketchup without wasting hours and hours of efforts building the model in sketchup. Very good for my needs."
gp-340bd8b8-5dec-443c-aba6-ef34de7e869d,google_play,2020-05-10,3,4.9.1,,It's great when you have room to step back 100 feet from building to take photo. But when buildings are close together and you can only get 15 feet from the side you can't get a good picture. Universal tree in the way you won't get a good picture
as-5923405076,app_store,2020-05-09,5,4.9.1,Useless,I had an issue with uploading pictures and was pleasantly surprised to get a prompt response that went way beyond typical. Kevin went the extra mile and completed the submission so all is well. Excellent support snd much appreciated!
gp-9cf3eb83-84be-4961-8a49-5962ea28e4c3,google_play,2020-05-08,2,4.9.1,,"Signed up over a week ago, easy to use taking the pictures. Sent it in for processing the same day and still waiting for the 3d model. Too bad it takes so long, would have been nice to see if it rally works they way its advertised. I'm a contractor too, this could have came in handy if it worked."
as-5915922882,app_store,2020-05-07,3,4.9.1,3D feature won’t work.,"I’ve submitted my photos that were approved and accepted but the 3D feature won’t load properly, when I click the 3D a new tab opens but it’s blank."
as-5910637999,app_store,2020-05-06,2,4.9.1,What Does It Do?,"I downloaded this app a week ago and took photos of our house and uploaded them to the app. It’s simply said “processing” for a week. I have no idea what this app can or cannot do, but it is pestering me for a review every time I check the app to see if my model has finished processing."
as-5897310276,app_store,2020-05-03,1,4.9.1,takes too long,"I sent the pictures in two weeks ago!
Still processing!
In the meantime I took dimensions and modeled the house by myself."
as-5891361600,app_store,2020-05-01,2,4.9.1,Wrong sizes,I have had multiple cases where the roof measurements were wrong.  I would not count on this if it could cost you money.
gp-1609e6d0-0462-441a-9b40-0db80830ce7b,google_play,2020-04-25,1,4.9.1,,Uploaded pictures 3 days ago and it still says processing. I'd be interested if it worked. Using on a Samsung S7.
gp-457cdd0f-f826-4ca1-b245-e4428dc0bc60,google_play,2020-04-13,5,4.8.0,,"Took my photos, uploaded them, and got a very good rendering. Looks like the only issue I had was an extra window where there shouldnt be one. Excellent app so far. Wish there were more brick options, like a German smear or just painted brick."
as-5788253154,app_store,2020-04-09,1,4.8.0,Doesnt work,"I downloaded app, took pics it asked for and uploaded, but it never let me click on the 3 D to start the process, waited all day. Deleting app"
as-5772526117,app_store,2020-04-06,5,4.8.0,Incredible Capabilities!,"As a large loss property adjuster recently assigned to a devastating total fire loss in a 6000 square foot home, I was faced with the challenge of a forensic estimate project from plans.  When the township produced partial prints missing exterior drawings I knew I had a problem.  Enter Hover.

The only problem was, quite a bit of the subject property was gone, destroyed by the fire.  But with a combination of careful photography of what was left, some pictures off the internet of the building pre-loss, and some pix of a similar neighboring home, the team at Hover was able to complete an accurate report and 3D model of the building with all the measurements necessary to accurately estimate the replacement cost of the clients home.

What a great effort by the Hover team and what a tremendous product!  Thank you Hover for helping me help put this family back in their new home as quickly as possible!"
as-5766356433,app_store,2020-04-05,1,4.8.0,Didn’t realize it costs money to use!,"As a home owner, I was counting on this app to help me design my house. However once I took my pictures, it decided it needed my credit card info before it would go on. No thank you! A waste of time!"
as-5761561154,app_store,2020-04-04,3,4.8.0,Doesn’t work well for townhomes,"I was asked to download this app by a company who is giving me an estimate for siding. My townhome doesn’t have right or left sides, therefore I cannot take pictures of them. I cannot proceed with the 3D rendering as a result. Not helpful at all. A suggestion would be to tailor the app to select a style of home before making any pictures required."
as-5697147341,app_store,2020-03-22,1,4.7.0,Crashed,App crashed and I couldn’t proceed.  Save yourself time
gp-003891a1-e71d-46cb-8e73-6a751f14afa9,google_play,2020-03-10,1,4.6.0,,No good. It does not work most of the time and provides inaccurate data which results in costly re-inspections. Send a licensed adjuster the first go round!
gp-fd28c66e-0111-40d7-9e13-870d92b86e04,google_play,2020-03-07,4,4.6.0,,No measurements unfortunately so not helpful but they will send the measurements when you contact support so not that bad.
gp-c9c034dc-52a9-4a9c-b6c6-e6aab0464f24,google_play,2020-03-05,4,4.6.0,,"Really like it. But it takes all day for a job to process. And I wish there was more vinyl material options. Like more brands for windows (Ellison), options for gable vents, and Everlast brand. But other than that I really like the app."
gp-04a1e8fd-242c-4015-b309-17d60a1cf8ed,google_play,2020-02-27,1,4.5.2,,Worst app ever . You cannot get far enough away from the house to get an accurate picture it takes literally 10 minutes if not more for them to upload then they crash and closes the whole thing and if you're lucky the still be there when you open the app backup.
gp-9d9cfee0-6777-41b5-89e6-2af5e9694c3b,google_play,2020-02-19,3,4.5.0,,Well just downloaded to give a try a couple contractors said they actually like over eagleview.Took first pictures came back great in 3D view but the file which was attached with the information such as measurements was empty.Have been trying to contact for well over hour to no avail.Not sure if worth the change.
as-5540461649,app_store,2020-02-16,5,4.5.0,Excellent app,"This app is a total game changer.  As a painting contractor it’s a must have for measuring the square footage of exterior properties.  Saves time, money and makes your job a whole lot easier.  Measures every inch of the building and delivers the results in pdf and 3D format in record time.  Amazing!"
gp-6bbcdef5-20bf-4915-bd48-7022addf1f6b,google_play,2020-02-15,1,,,Only works on homes with no obstructions or close neighbors. Impossible on many homes to get the shots required.
as-5476790637,app_store,2020-02-01,1,4.4.0,3D,Pictures and converting to 3D is spot on. House that I’m working on is shingles walls. Customer wants to see in red horizontal vinyl siding. Extremely difficult to navigate to that. Absolutely no measurements shown. UI needs to be revamped to be a serious player.
gp-b81e23ae-c20d-4487-835c-0875f19aa31b,google_play,2020-01-21,4,4.2.2,,"This app has been great up until the most recent update. Now, anytime I try to open the PDF of any previous measurements, I get an error stating that there was an ""unexpected error"", no internet connection."" That message happens if I am on wifi or if I have full bars. Please fix."
as-5404739210,app_store,2020-01-14,5,4.2.2,Super helpful for designing my house renovations,"Fantastic, easy app, helped me decide what I wanted to do to my house, now that my renovations are complete it looks exactly like I designed it and I am super happy! Definitely recommended for designers and homeowners alike!"
gp-3ad6d215-d360-4640-9b1f-7c8902ffa330,google_play,2020-01-03,1,4.2.1,,Not worth the effort. I had several houses loaded into the app. After an update it seems to have deleted my account and all houses loaded onto it. It's as if I never had the app at all.
gp-52789e46-64a0-48b4-b34c-2c7a15dcc85a,google_play,2019-12-17,2,4.2.1,,Check dimensions. When I first used this app I was impressed by how easy it is to use. Take a couple of pictures and get a report within minutes with dimensions and a good looking 3d model. When I went back to the house to check measurements after I realised that many of the dimensions this program calculated were off. On one side of a house the dimension was reported as 29ft instead of the actual 27ft.
as-5234405779,app_store,2019-12-04,5,4.1.2,"Saves time, saves money, connects with clients","I do not rate apps normally. However, Hover and their team has gone above and beyond. How they do it, I don’t know, nor do I care to know, but they do it well. Snap some pictures, upload them, and wait. My turnaround time was just at an hour. Full 3D render of my home, with very very very close measurements that I would use to bid a job any day. I am just a tradesman. I’m not a sales person or a business owner, but if I was, this app would be on every employees device. I had a question about my render and emailed the team. They were extremely quick, and very helpful. This is not a paid review, I just love this app. For the price you pay, you cannot beat the convenience and precision of Hover. Download it and go make the man some money."
gp-f30c8fae-4a6f-431e-a003-10580ef5c8f1,google_play,2019-12-03,1,,,Downloaded app decided to try it for my exterior business. It says one house for free but when I sent it to get a 3d model all it says is customer is paying and has never changed wont open pictures or let me do a single thing. Wont waste more of my time on something that wont even let me compare to see if it's worth the time and money.
gp-c3270d96-5c6a-4f63-a45b-539c13e126f2,google_play,2019-11-25,1,3.6.76,,"Utterly useless... Requires account creation for absolutely no purpose, at least not for testers. Requires location info (won't get it from me!) or it just doesn't work, hence the uselessness. Fix these restrictions and I might try it again."
as-5169921742,app_store,2019-11-19,3,4.1.0,Right idea...but falls short in too many ways,"It’s okay for very basic early stage estimation. The accuracy vs other tools and lasers is off considerably. The VERY BIG MISSES are: pro version isn’t able to be shared with clients. That basically makes it useless as a tool to set you apart from others. Roofers will probably find it effective but at twice the cost of other measuring tools. 

The design feature falls FAR SHORT from a contractor’s needs. You can’t do simple design features like adding shutters or accent trim. The support team would do them for you but they’ve stopped that now without notice. This is a critical function for clients and it falls way short. 

I was excited. Have used it for 47 properties, which I think constitutes a thorough trial. But I’m going to another tool. They don’t seem to prioritize design improvements. I can’t hold up my value prop to my clients over a design tool. Live and learn I guess. 

It also doesn’t look as good as tools that cost very little to buy and don’t have the per project fees Hover does. And it doesn’t function very well on detail design.  The color pallets are way off too. 

The other very bad thing is that they only give you one design you can save. So you’ll need another tool on top of this one for sure. It’s basically just a measuring tool that gives you a +/-  5% measurement. The service team which seems to be nice people, didn’t know the pro limitations until I told them. That seems to me that someone in development launched the product too early and they couldn’t figure out how to deliver the obvious pro features that would make it worthwhile. 

I do mostly 4,000-10,000 sqft homes. What you get on those is worth $20-30, but it costs $116 per house. 

And they give you no storage so your work goes away after some time. 

Lastly, when using your phone to start the project, it won’t allow your camera to zoom in and out. So, if you don’t have a large yard with no trees, shrubs, etc within 40-50 feet of the house, it’s not worth using. 

Basically a super idea but it’s overpriced and under-equipped."
as-5139428321,app_store,2019-11-14,5,4.1.0,Powerful tool,This app is game changing. Such a user friendly app. Looks like they just recently updated it and I’m all for it.
gp-89f20f00-3813-499b-a9f0-c8c9d52fa7ca,google_play,2019-11-14,5,3.6.76,,One word: INCREDIBLE. unbelievably easy to use app. And the results are AMAZINGLY good. So impressed with the results. Defense already recommended this app to several friends and family. Fyi this is my first and only review ever.
as-5128731975,app_store,2019-11-12,5,3.6.76,Great app,This app has been a great 3D models for homeowners. They are able to then see the colors they pick out on their home.
gp-d6fc4557-9283-4f25-b7fc-ff9d83b6c312,google_play,2019-11-11,1,3.6.76,,"Waste of time says it was a free app, then you have to turn around and pay for it to get anywhere with the pictures you took of your house to try and get an estimate for the product and materials needed to do a remodel of your home and changes you do to your home dont get saved and you can't find them after you go back to the main screen shot and you have to do it all over again, so don't bother with this app its a waste of time and space on your phone. All they want is your money."
gp-3909773a-c659-4af1-b016-551bdb20bd78,google_play,2019-11-09,1,3.6.76,,What a waste of my time this app is so far from being fully developed. We offer full remodeling services and i used the app to show potential customers an idea of what the new paint will look like you cant paint or stain doors you cant paint garage doors you can't show decking other than concrete there are only two brands of paint with very limited color selection . if you have a metal roof l imited color selection DONT WASTE YOUR MONEY
gp-efd7ddb8-c2e9-4de3-991f-9ba79b608595,google_play,2019-11-09,1,3.6.76,,There is no measurement tab in the app like in the videos. I only downloaded this so I could see how much siding I would need but without it it's useless to me. I really wish there was a better video tutorial or something.
as-5100318651,app_store,2019-11-07,5,3.6.76,The coolest app ever!!!!!,"I honestly never leave reviews but this app was so amazing I just wanted to say kudos to the developers. Seriously the best app I have ever seen.

Developers- When are you going to get 3-D interior to use in conjunction with this?  Awesomeness!!!"
gp-2f8f6fbd-d586-4bbb-b5ba-2158da6548c1,google_play,2019-11-06,2,3.6.76,,I will not provide an address. Location is private and this application needs to be fixed so that it's not compelling someone to do anything against their will if not I don't need to use your app.
gp-a54dbb11-de6f-4c7f-a26c-368bd1de278e,google_play,2019-11-04,5,3.6.76,,I was having trouble singing in but the Hover team messaged me back right away . Just singed in so we will see how it works.
gp-6febe14a-fc2c-4070-a84f-e690636cd65a,google_play,2019-10-19,1,3.6.72,,"A great idea - but....the USA is one of the last countries on the planet still using the imperial measurement system ( feet and inches). The rest of us have moved onto the the much better metric system.Assumong you want to sell your app worldwide, why not give users the option to get data from your app in metric ( metres/ millimetres)?"
as-4961087765,app_store,2019-10-17,5,3.6.70,Gutter system,Great app I love everything about it but i am gutter guy and i thing like a lot of people that do the same thing i do we would like if you guys can include gutter measurements as well thanks
gp-81c45019-3ed3-4bc6-81a6-3721cd48e44a,google_play,2019-10-10,2,3.6.71,,Entered my description colors roof etc. But can't save did this 3 times too much trouble.
gp-590aadc8-8dfc-4c50-b563-fe2160a78176,google_play,2019-09-29,5,3.6.71,,"Very useful and efficient app! super easy and takes under 24hrs to get the 3d model processed. The hover team is amazing aswell,i had a question and Kate responded almost immediately and was super helpful!"
as-4829598294,app_store,2019-09-23,5,3.6.70,Useful App,I was able to take some simple side and front angle pictures of the house and the report was really useful for my expansion project.
gp-24e38ecd-f8f0-47ee-b0de-1e729b88ef15,google_play,2019-09-22,2,3.6.71,,I agree with another review in that I was not able to get back far enough to capture a full frame image of our large ranch home. Mature shrubbery and or trees also blocked many of the views. Not sure how helpful the model will be to the contractor.
gp-12586549-4691-4edb-901a-990151493f09,google_play,2019-09-14,1,3.6.71,,The app is super hard to get the photos right eagle view and geiomni are way better especially if this is for a work application. You can't get far enough back in today's modern lot size to get the requested photos without going into the neighbors yard and standing on ladder's it is inferior software at best. And it is a super progressive company so you can't call anyone.
gp-59c43c29-e857-4971-a844-67afdd13d916,google_play,2019-09-13,5,,,I can't say enough good things about this app. You can get completed measurements of the exterior of a home in less than an hour. How fabulous is that? Not to mention the support you get. It's amazing. I recommend using Hover with anyone that is the construction industry.
gp-5c9eb672-f2d7-4c48-8155-7f1f16cba1f7,google_play,2019-09-11,5,3.6.71,,"Great app, 3-D renderings are amazing and very interactive for exterior design. Adam and his team provide great customer service service!"
gp-a908cc25-4dd0-430b-9639-e2c80c327a6e,google_play,2019-09-10,5,3.6.65,,"Unbelievable! After capturing the right pics, Hover measured and sent them back to the letter! Accurate, intelligent, and user friendly, all wrapped up in a good looking app!"
as-4737797154,app_store,2019-09-06,5,3.6.70,Customer Service,Have a problem message there support team that will quickly respond. I wasn’t receiving my first Home report due to a spell error in my email. They quickly solved that and gave me an additional free credit for the first property due to it being over the initial price covered.
gp-ec0132d1-5a85-4da4-b2e4-787cd9e0d58c,google_play,2019-09-04,4,3.6.65,,okay i downloaded the app again and did everything it said to do and in 24 hour i had my 3d model of the house and it looks great however there are still somthings i cant figure out and maybe its just me but over all i give it a 4 star rating thanks hover
as-4722663563,app_store,2019-09-03,5,3.6.70,Roof,The best app for contracts
as-4690575705,app_store,2019-08-29,1,3.6.70,Not working very well,"No instructions or tutorial on how to use the app.  it makes it very finicky, if you accidentally back out while making changes it doesn’t save them, if you close the app it doesn’t save your changes, if you select save image it just puts the default image of the front of your house in your pictures folder but not the actual images of you changing things like paint color."
gp-4e97afb3-01e7-4fef-983c-87c2f79b4383,google_play,2019-08-27,1,3.6.65,,Not very useful if you live in a city. Lot sizes are too small to get far enough away for the requireed pictures. I can't take pictures of the entire sides of my house without demolishing my neighbors homes first (I can't get far enough away for rear corners either)...
gp-ea4bab2f-0b99-4cc6-8e52-e63a6c8ad870,google_play,2019-08-26,5,3.6.65,,I didn't expect much from this app...but wow! I had cars and trees all in my pictures and my pictures were terrible but the 3d model was spot on.
gp-0947d375-fc6b-4f5f-8783-add78ddb0ce0,google_play,2019-08-26,5,3.6.65,,"I have used multiple programs similar to this one but none compare. This is hands down the best. I love using it, it helps me so much in my line of work."
gp-fb2214bd-2d62-4199-b57b-3508c7e13f51,google_play,2019-08-24,5,3.6.65,,"Amazing app, impressive 3D modeling. This is a must have when you need to remodel your home."
as-4656548073,app_store,2019-08-22,5,3.6.65,In my opinion,In my opinion it is a great tool it makes easy and quick all the work we do in the investment properties.  I will recommend a 100%
as-4652309001,app_store,2019-08-21,5,3.6.65,App,Nice app
as-4646314392,app_store,2019-08-20,5,3.6.65,Great,Gets measurements on difficult houses
as-4643413116,app_store,2019-08-19,5,3.6.65,One happy roofer!,"This app is amazing! I’m going to start using it more often after I seen that it really works. I measured a roof with a tape measure and then used hover to see if the measurements were accurate on the app. They are so close that I will start using this app every time I give an estimate. The only problem I have is that I usually measure the roof and come up with an estimate right at that moment that I’m at the home owners house. With hover I have to wait 24hrs. That the only thing I would change about hover is the waiting time. I wish the measurements came instantly. You can’t get everything you want though right? This is a really great app though and I’ll be using it a lot more now that I know that it’s accurate. I love how I don’t have to get on those steep roofs now. I can just take a couple pics of the house and I’m done. Thanks hover for making my job a lot easier on me.
                                -  Gary Jr.,
                        Brannon and Sons Roofing Co."
as-4642865927,app_store,2019-08-19,5,3.6.65,Dope app,Dope app
as-4642701507,app_store,2019-08-19,2,3.6.65,Not a great experience,Worked great for one basic house to try it out... then on the second project waited for 3 days and no image of the house populated. Instead I got a call from a Hover rep stating that they were not going to send back the completed 3D image unless I paid them.... you made me wait which delayed my quote time then tried to jamb me up and hold the image for ransom... deleted the app.
gp-c9d6019c-d7b6-470b-8c94-04a709170f44,google_play,2019-08-19,5,3.6.65,,Works really well even with not so great pictures. just wish you could download the model and 3D print it like an .STL file.
gp-a8124d92-6a27-4e2f-b261-241cd9245efe,google_play,2019-08-18,5,3.6.65,,"What a great app, easy to change textures on a house to visualize what my mom and dad's roof would look like prior to purchasing."
as-4627690148,app_store,2019-08-16,5,3.6.65,Great ap!!,I have been having paint samples mixed and have been painting swatches all over the house to help choose my colors...and then I found this awesome ap! Super friendly and easy to use. Can easily edit choices and see lots of different ideas!  I love this ap!!  It’ll make my devious on thousands of dollars in improvements a much more confident process!!  Thanks!!
gp-f5b01020-8996-42b3-8676-2c89aacd4982,google_play,2019-08-16,5,3.6.65,,"I LOVE my Hover app!  My husband and I have a roofing company. I use the Hover app because it isn't as heavy as carrying a ladder!  Without this app, I wouldn't be able to measure a roof. The ladders are too damn heavy for me to carry at my age. I am an old lady!  AND.  I love telling customers I am there to measure the roof. Not that big, young guy they were expecting.  I have a lot of fun with Hover.  Thanks !"
as-4621853334,app_store,2019-08-15,5,3.6.65,Able to quote projects accurately,There are projects to tough to climb on a roof to measure or in some cases too tall or too big. HOVER captures the entire project and at a cost the easily works with every project. It’s a game changer.
gp-6b39360a-5474-45a8-8009-5ea7b21a9a37,google_play,2019-08-15,5,3.6.65,,neat idea. but what a waste of time. advertised that you can get measurements upon completing your first 3d model for free for the first time. i cannot access these at all. definetly not impressed with this first demo. work out the bugs and i may be back. what a waste of time!
as-4616093451,app_store,2019-08-14,5,3.6.65,Love it!!,Just awesome. Even when you can only get bad pictures the folks at hover do some magic and get you the report. Love the app.
gp-bc185f2f-1de5-4b5d-9c7b-73348d126538,google_play,2019-08-14,5,3.6.65,,Great product with great accuracy and reliability. Field team is top notch and response time is on it!
gp-213ad0b5-07ac-4f1e-9408-3eeb5301fe14,google_play,2019-08-13,5,3.6.65,,"This app has been absolutely amazing! The measurements have been spot on, which helps to eliminate waste and creates a greater profit on the job. Best of all, its functions and features assist me in closing deals with homeowners, using the highest level of professionalism. Once you capture your photos, the turn around is very quick. This is a tool everyone should have!"
gp-c4e655df-19eb-4603-b39b-301d375364a9,google_play,2019-08-13,5,3.6.65,,the speed and accuracy that this technology provides is incredible. seeing our house in 3d with so much detail blew me away.
gp-88f60654-4d75-4500-afb1-d48755747a89,google_play,2019-08-13,5,3.6.65,,works great even with minimal photos. takes about a day to get back sometimes so make sure you prepare with it.
gp-1e66a29f-9786-4b3e-a0e0-f3486ae500c5,google_play,2019-08-13,5,3.6.65,,"Not only is Hover a GREAT/RELIABLE tool for my roofing job but the customer support is bar none. Matt answers everytime I call and is extremely helpful. If you're a roofer and not using Hover, you're doing it wrong."
as-4607572552,app_store,2019-08-12,5,3.6.65,Impressive,"I heard of this tool to get a 3S mesh model for Christmas Lighting planning, but if I was in business this would be great to document customers you worked for."
as-4603967565,app_store,2019-08-11,4,3.6.65,3D Model needs a save function,"I absolutely love this app and the detail that it provides, however, when designing a 3-D model I accidentally pressed the incorrect back button a few times and it completely deletes all of your previous work leaving you to start over. That is really frustrating."
gp-617ad35f-3f99-49e5-8fb1-89b9ae64cb3b,google_play,2019-08-11,5,3.6.65,,"It is a little confusion on how to get the data. I had to log onto a computer to sign up with a credit card and download files. Once I did that, it was amazing the amount of data. I have not checked all dimensions but the worst I found was less than 3"" from actual morw than enough for job estimating. Much better than I expected. Thank you, ZERO complaints."
gp-4d73532f-d613-4052-840d-4982146e0189,google_play,2019-08-10,4,3.6.65,,"I'm a contractor and this app is amazing. I love how you can take pictures of the house and it'll get measurements without messing with a tape measure. It's also handy to see what the house will look like with different color siding, roofing, etc. The only thing that is problematic is windows openings aren't 100% correct"
gp-0bf8bd78-8e65-4afe-893b-477e65dec48b,google_play,2019-08-10,5,3.6.65,,"I was skeptical about this app after a few failed attempts, but once I got the pictures right this app nailed a 3 story apartment complex with only 3/4 of the photos required down to the exact inch. I never leave reviews but this is astounding."
gp-19bf6efb-0a54-4ea5-872f-6cc7448e828f,google_play,2019-08-10,1,3.6.65,,Wants my actual address. No. Model examples don't load / work properly. Not a good a tool at all.
gp-5e76b3f2-b6ce-4f58-8683-801594e33572,google_play,2019-08-09,5,3.6.65,,incredible technology!!! was super accurate and took no time at all! it was very nice to change the color and type of siding and roof prior to deciding in real life!
gp-2e27735e-141b-45e9-9de3-bbec4c320151,google_play,2019-08-08,5,3.6.65,,"This has been a powerful tool to use in the sales and production process. I am glad that it is available. As a contractor, this creates more time to focus on growth and sales. It also has helped in securing new business, as we can be a leg up on the competition!"
gp-eb7a6b26-1b83-43c2-aedc-1f1bd74806b8,google_play,2019-08-08,5,3.6.65,,very impressed with the initial 3d rendering. an exact look at our home with less than perfect pictures provided to work with. anazed at this software.
as-4582369096,app_store,2019-08-07,4,3.6.65,Amazing but limited,"Absolutely LOVE this concept, however would be ideal to offer more options for home brick colors"
as-4581710153,app_store,2019-08-07,4,3.6.65,Good,This a good app. Wish I could do hotels and bigger buildings. And I wish it had better gutter measurements. Like end caps down spouts all that
gp-7b7ee54e-c472-49ce-b9d8-e3d19ce57e57,google_play,2019-08-07,5,3.6.65,,"This app is a phenomenal tool for anyone in home repair sales. The measurements come back in a timely manner, and the support staff is very helpful with any problems you may encounter. I have found this tool to be invaluable when pitching repairs to potential customers. They are very impressed when you show them a 3D model of their home with all the dimensions. Great work, Hover team!!"
gp-1ce7d49d-891c-416d-89d2-fba8a74e8c33,google_play,2019-08-07,5,3.6.65,,this is amazing. So much more user-friendly and accurate than Eagle View. and when I have had to call customer support they have been so on top of it and quick. 100% recommend.
gp-d6975ad2-06fd-46ce-a1b8-88b2642dceb2,google_play,2019-08-07,5,3.6.65,,"Wonderful technology!! Definite game changer. Easy to use, anyone can do it. No more climbing on roofs for measurements."
gp-ff3eb028-da40-4ae7-9159-c74d1f46b5b3,google_play,2019-08-07,5,3.6.65,,"in over probably 600 uses I have only had 4 ""failed"" orders. with the expedited service, reports typically come back within 45 minutes."
as-4577374584,app_store,2019-08-06,4,3.6.65,Great handy app! Needs Tweaking,I love using this app! But that’s when I can....... the only down side is that it doesn’t work with houses that require you to take pictures in closer proximity.
as-4577220557,app_store,2019-08-06,5,3.6.65,Adjuster Review,"Ive used the app now on about 20 homes and even on some  difficult properties where I couldn’t get the best photos , the app has  still provided  accurate measurements of the property for both siding and roofs"
as-4573816670,app_store,2019-08-05,4,3.6.65,Stucco color/texture...,"Has been very accurate and the app is easy to use. 
Would have no problem giving 5 stars if there were stucco color & texture selections from manufacturers rather than just the generic examples. They are better than nothing, but hope to see manufacturers for stucco come on board soon."
as-4573740737,app_store,2019-08-05,5,3.6.65,"Awesome software, but not quite perfect.","Hover is beautifully designed, easy to use, and works...95% of the time. There are still some limitations, namely at houses that are close together and covered with shrubs and trees. Lower pitched roofs with downsloping yards also become a challenge. 

All that said, Hover has improved in the two years or so I’ve been using it, and I have no doubt it will continue to improve. I use it more and more, and just sold my largest job ever using hover measurements. I definitely recommend this app if you’re an exteriors contractor!"
gp-79cc8dd1-c837-49a5-be0e-d9fa91a9a0c3,google_play,2019-08-05,5,3.6.65,,Awesome Tool for Siding and Roofing appointments makes the experience so much better for the customer when they can see the finish product on the App!
as-4569178203,app_store,2019-08-04,5,3.6.65,Amazing,We are planning some renovations on our home and was looking for some software to do exactly what Hover does!!! It’s so fun and so easy! Thank you
gp-d4bb0991-dcea-4ebf-a0e4-c4ed1f21710d,google_play,2019-08-04,5,3.6.65,,This app makes it very easy to capture the details of the property down to the sub inch. I would recommend it to anyone looking for help getting accurate measurements. DIY's and professionals alike.
gp-8785c694-bea1-4fac-b4ba-900e4728fd8c,google_play,2019-08-04,5,3.6.65,,"Amazing app - just a few pictures of my house and I got a perfect 3D model, incredible!!"
as-4556751463,app_store,2019-08-02,5,3.6.65,The greatest,They Hover app or GAF E 360 is an absolute godsend. What a great tool to have available to have a 3-D model of your customers home and put different color roofs and siding etc. for them to see. As well a PDF file of every measurement conceivable of the exterior of the home to which we can use to create quality accurate estimates. Love it love it love it!
as-4556539077,app_store,2019-08-02,4,3.6.65,Drone,I would like to be able to take my photos from a drone to upload for measurements.
gp-06d4fc87-516b-4794-a37f-bc4c7feb88d3,google_play,2019-08-02,5,3.6.65,,This app is a phenomenal tool!! To be able to visualize and construct an amazing dream home in a rendering is just the start. I am a salesman for a very prominent home improvement company in the mid Atlantic. The value of this app as a selling tool is almost incomprehensible.You want more deals?!? GET THIS APP!! There are so many ways to leverage this tool. Great app. Great company with a superior support staff.
gp-e7844dee-0372-4410-a961-2676731cb1fd,google_play,2019-08-02,1,3.6.65,,"complete waste of time. after I gave it my location and made me go outside to take pictures, just for nothing to happen."
gp-69c9850a-ebb2-4f4b-bbc8-869001a5a40d,google_play,2019-08-01,1,3.6.65,,"tereible, not one of the houses will open for me. On my data it wifi, was looking forward to it but that was quickly ruined."
gp-b86dd604-0c69-4ced-a289-16d2120721ac,google_play,2019-08-01,5,,,It's amazing how far tech has come. 8 pics of my home and I can redesign the entire thing!
gp-d54d2d3f-c69a-49f1-bca0-b02b0c06c04e,google_play,2019-07-31,5,3.6.60,,absolutely amazing. putting 6 images into the app and seeing a 3d model of my house. absolutely crazy.
as-4539514779,app_store,2019-07-29,5,3.6.60,Great app,"Great app.  I learned about this several years ago. It has saved me so much time in measuring not only siding, but now also roofing. I can’t wait until downspouts can be measured. That will be the entire package. I love the way you can types of materials and colors as well.  My clients simply love it.  Thanks Hover and keep up the great job."
as-4532780652,app_store,2019-07-28,5,3.6.60,Great app!!,Great app!!
gp-e88965d9-1eb9-4ceb-800e-825664b14a7e,google_play,2019-07-26,5,3.6.60,,"it is amazing how accurate the 3d model of my house is. Great app , works flawlessly . i could not.take proper picture on one side but the app still managed to correctly create the 3d model"
gp-d012b67c-02e4-4e07-930e-bcbc708fa7f8,google_play,2019-07-26,5,3.6.60,,I absolutely love this App. The measurement is to the inch and the homeowner can see their home in 3D.
gp-a2a76014-f9ed-441d-881b-5b2dd5f65501,google_play,2019-07-24,5,3.6.60,,"One of the most useful applications on the market. This program has the ability to give you all exterior measurements of a structure/ building down to the inch. I use this program on a daily basis to generate estimates for homeowners. Its always accurate and make the experience seamlessly for both partys. 8 easy pics and you have your self a 3d model you can add new products to roofing, siding, trim, stone, etc. its truly a game changer."
gp-a9146deb-1691-40e1-8605-27a3eb3817e1,google_play,2019-07-23,5,3.6.60,,fantastic app!!! saves a lot of time and organizes the jobs very well
gp-d6a481b1-d5de-4fbf-86ee-ab618cc29ab7,google_play,2019-07-23,5,3.6.60,,"Always accurate, customers love to be able to see what their home will look like. definitely the future of exterior renovations."
gp-e3093105-d415-4623-bcad-5dc07cc925af,google_play,2019-07-22,5,,,Great tool! I'm impressed... I have been able to get the measurements even on houses with lots of tree coverage (all I have to do is take a lot more pictures so that they can see all possible angles). I personally like it better than EV.
gp-5b81b906-46a7-404d-bd74-6c749237ec21,google_play,2019-07-22,5,3.6.60,,how about to preview stucco on the 3d model? everything else work! i like to have option of stucco and exterior mouldings with color palett stucco different finish application
gp-1de64357-7af8-4f9b-9c6a-dea8d157dbb6,google_play,2019-07-21,2,,,could not take puctures of my house as i couldn't back far enough away to take a picture so app wouldn't work. If it let me rotate the phone to take maybe that woukd have worked.
gp-05ff9b82-a49d-405d-8086-42843e7f9874,google_play,2019-07-20,1,3.6.60,,not letting me use the app without giving my exact address.. i definitely not putting a 3d model & exact address out there. i understand telling it what area im in but not my address. to bad it looks like a good app.
gp-2a6c1d7f-332d-4f01-a945-7aed1fc0b97e,google_play,2019-07-20,1,,,I can take the photos of the outside of the house but it doesnt make a 3D model. I've submitted it with all the photos and it doesnt do anything.
as-4481171613,app_store,2019-07-18,5,3.6.53,One of the best apps in industry,"Actually I was surprised how accurate was Just by taking the pictures, definitely I will recommend to any business owners or homeowners."
as-4480848056,app_store,2019-07-18,3,3.6.53,It’s ok,"Not bad, just takes forever to upload while working."
as-4477543119,app_store,2019-07-17,3,3.6.53,"Neat tool, app still needs some work","This is a very neat and powerful tool.  With 18 simple photos that included fences and other stuff in the way, it was able to give me an model that appears very close to what my house looks like.  Unfortunately, at least with the free homeowner version, you don’t get to see any measurements. I can’t verify the dimensions so I have no idea how accurate the model is.  

The app itself is a little clunky.  It’s too easy to hit the wrong BACK button and jump out of model space. In addition, I feel like I should be able to touch the feature I want to change instead of trying to find it in the menu.  For some reason doors also don’t appear in the menu so you can’t change those.

Lastly, the menu is brand based vs object/style based.  Because of that, you have to know what brand you want before you can even choose a color or style.  As a homeowner, my first concern isn’t brand but style and color.  Brand is secondary.

Overall, powerful tool but the interface still needs some tweaking."
as-4470832534,app_store,2019-07-16,1,3.6.53,A good side view of a home is impossible,"This may be a good program but they have a massive flaw, how about when your home in a normal residential setting and your home is 10 feet from your neighbor. How can you or anyone get a good side picture that will work satisfactory with this program?"
gp-6f4bd13c-505e-446c-99da-3541a875fb36,google_play,2019-07-14,5,3.6.56,,This is a great app for generating a 3D model of your house. I was not expecting such accuracy of the 3D image. Now I can use it to design my deck and house addition without breaking a sweat. Thank you
gp-561e1ed9-3902-48e6-9c05-5f1c86883444,google_play,2019-07-11,2,3.6.51,,"look I'll be honest it's a good app but not for a small business owner. $30 for each house you want to 3d. I'm barely getting busy and $30 for each home for a person that barlet has any money it effects that person on gas, bills, food and children. if they can only do a 6 month or 1 year subscription that be awesome but they make more money that way doing $30 per house and if you think about it we are making then rich."
as-4426929110,app_store,2019-07-07,5,3.6.53,How much is the app,How much is the charge for this app it doesn’t say.
gp-23e44131-c6c0-4a03-aa46-ceeb07398c74,google_play,2019-07-01,3,3.6.51,,"App is amazing if you can get wide enough photos from your camera. My phone camera has a wide angle sebsor and lense, but the app tries to use the normal portrait camera which is too zoomed to capture the whole side - allowing ""choose a photo"" from gallery would fix this since it allows uou to use the phone's respective camara app. Would be 5 stars if it supported ""pro consumer"" features like contractors seem to have but for a one-time fee."
gp-f54fb57f-2f55-411b-b4f6-5009d9b57d7c,google_play,2019-06-30,1,3.6.51,,it would have been nice if I could use my Android camera feature to extend the view or do close-up. i have trees civering the home if i have to move further away. but ordinarily I can campture the entire house on my phone while standing just under 40feet away. but this app do not let me use that feature thus worthless 😡 to me
as-4370075077,app_store,2019-06-25,5,3.6.51,Great app with outstanding support,"I’ve been an adjuster for almost 15 years and have tried several diagramming apps/programs over the years. This app is hands down the best I have experienced to date. I hate to admit it, but I’m the type of person who generally has elevated expectations when trying out new products...to a point where I’m oftentimes less than pleased with the new product. Not only is it HOVER quick and simple to use, but it’s also highly accurate and is accompanied by a stellar support staff. I Would highly recommend this app to anyone, and I rarely put my stamp of approval on many items such as this."
gp-09dc2738-0809-429f-bd02-9ea7496d9362,google_play,2019-06-25,3,3.6.51,,"neat to see the house in 3D and be able to change color. but as far as I can see, you can't take measurements, can't save color changes, and probably many more features not available. probably need to buy pro-version."
gp-b476de4e-9415-4773-93d5-2778fab32eff,google_play,2019-06-24,1,3.6.41,,"I don't understand how you are supposed to capture a whole front of a house unless you have an acre of land on every side, trying to do with even houses that have a typical lot size is impossible."
as-4347404495,app_store,2019-06-21,1,3.6.41,Not sure!!!,"Not sure how to use this app other than choosing colors, so I will delete..."
gp-6672a7fb-bc75-4b6f-a3ed-7626faecef9a,google_play,2019-06-16,5,3.6.41,,didn't think that it would work but it did it automatically cropped out our tree in the font yard and it also worked even with bad close up photos do to property lines. 5 star really surprised me took about a day though.
as-4302341081,app_store,2019-06-11,1,3.6.41,What is waiting about?,"I snap pictures of the house and expecting measurements and all that promised stuff and I got, waiting... and I can tell you this is not I expected I don’t have time to wait or you got it or not and I guess you don’t got it no stars from me 👎🏻"
as-4301248111,app_store,2019-06-11,5,3.6.41,Hover,"This is an awesome product, would recommend to everyone!!!"
gp-d0f9c999-dc4d-4841-9838-641a3a166e13,google_play,2019-06-06,4,3.6.41,,"App brought to my attention via a contractor.... it's great to be able to ""dress"" your home in different ways and collaborate. The only downside as a homeowner using the app is not being able to use the more robust features OR upgrade. However, I experienced an outage today and received fast, friendly customer service via chat and email, and was told those features may be given to homeowners in the future. I look forward to seeing this app grow. Using app on both Android and Chromebook."
as-4237029058,app_store,2019-05-30,5,3.6.34,This app is awesome!,"I don’t know how they do it, but it just seems to work every single time. Every adjuster and roofer should use this app on every single exterior investigation that they do. I am definitely drinking the Kool-Aid that they are pouring."
as-4236998726,app_store,2019-05-30,1,3.6.34,Saving issues,This a great until you try to save what you design! The app will NOT save your design!
as-4204342456,app_store,2019-05-24,2,3.6.34,Off and On,This app is amazing when it works! I loaded my pictures of my house. I waited and in a few days my house of a virtual image that I could edit. I opened it a few days later and my house was “working” and unable to see and edit. This goes back and forth....never know what you’re going to get!!! It’s great when it works.....but that’s maybe 50% of the time if you’re lucky!
as-4204220628,app_store,2019-05-24,5,3.6.34,Wow I’m impressed,Idk how accurate it is yet but so far I’m pretty impressed. Thanks for making such a useful app!
gp-e8f845e3-a382-4338-8b7b-6188b0183e90,google_play,2019-05-24,5,3.6.33,,"same price as eagleview but you get the siding measurements too! saves time of measuring, eliminates arguements over how much scrap should be used. this is the most useful app I have ever used. does exactly what you hope it will!"
gp-daa2441d-9be9-4832-a3bc-1baa134f22af,google_play,2019-05-21,1,3.6.33,,I would like to try it but cant seem to sign up. Doesn't give the option to change the dial code nor does it accept any of our local zip codes.
as-4181306933,app_store,2019-05-20,5,3.6.34,AMAZING,I can’t say how impressed I am.   The most useful app I think I’ve ever seen!
as-4178497669,app_store,2019-05-19,5,3.6.34,Contractor approved,"I was very impressed with this app. It will allow me to go over designs and colors with our customers. It gives you drawings that will be useful in obtaining permits. It also gives you measurements that are good enough to place an estimate with confidence, no short selling, and no “did I accurately measure everything?” moments. It also will save me a lot of time preparing my estimate by having a comprehensive list of all materials. I hope this is here to stay!"
gp-4e299912-cde6-4c73-983d-68c3af32c740,google_play,2019-05-13,3,3.6.33,,"Not really able to use this app because ther is no way to take pictures from the side of the house because it is kind of close to my neighbors house which makes it useless. If ther was some type of way to reduce the size of the picture before I take it,. that would be great. And if you accidentally bump your phone it asks for feedback."
as-4125541421,app_store,2019-05-09,4,3.6.28,A&A Construction,"HOVER!! I’m a Home Depot customer and I was told by a pro desk associate about it, and its very helpful for us that verily got time to do measurements!! You guys are amazing!  Thanks for your help"
gp-0010c7ab-e29e-4738-86a6-c0b99b9288f9,google_play,2019-05-02,1,3.6.21,,Not able to change anything.Downloaded to be able see what house would look like. With new vinyl.Uploaded all the pictures.All I could see was a picture of house flying in the air.Would've been nice to see it .So I could purchase new siding.Think I'll stay with the brick.
as-4086693226,app_store,2019-05-01,4,3.6.11,Awesome!,Great app! Super simple to use and great support! I would recommend to any contractor that does exterior work! Only reason I am giving a 4 star is because I would like to see the feature of adding pictures to the notes. That way you could get a materials quote and add it to the job working hover by taking a picture of it then putting it in the notes section.
as-4079975603,app_store,2019-04-30,5,3.6.11,Laura and crew are amazing,"As a very impatient person and one who lives for his customers...Laura and the team have pushed my business to yet another level, items we sometimes take for granted!  As a consumer or business, I can’t see any reason why you wouldn’t use this team!  I always reference my window presentation as my showstopper, that’s actually Laura and her consistent availability, if she can’t do it, my after hours crew always get it done!!!  This is a true moneymaker !"
gp-587c5038-bf76-42e7-ad14-36aae064391e,google_play,2019-04-28,5,3.6.21,,"This app is well-nigh miraculous providing, in my case, an unbelievably sophisticated and accurate 3D model from just 8 photos of a 3600 square foot house with 23 roof facets. I have to conclude they're using Google Maps to augment the photos. It's just too incredible otherwise. Even with Google Maps, this is one amazing app. The 3D model was flawless, accurately identifying areas on the house that are brick, Dryvit (stucco), concrete and roofing material, and even matching colors nearly perfectly. And then you get to try out changes in materials and colors on the 3D model. I am flabbergasted. Not only is the model incredibly detailed and accurate, but it comes with accurate measurements of all elevations. This thing is just incredible. It took about 12 hours for the 3D model to be ready from submission of the eight photos. I suspect some programmer in Pakistan or India was working on the model during those hours. I don't think the level of sophistication in the 3D model is possible without human involvement."
gp-b940fa0d-0593-4d68-a6f6-6ddfcd0652b4,google_play,2019-04-26,1,3.6.21,,Maybe im missing something but.... I have a Samsung S10 with wide angle camera lens as well as regular camera lens. when trying to take the pictures its next to impossible to fit the home into the camera view unless you are taking pictures of a farm house in an open field! Maybe if the app used the wide anle lens option it would be better but for the average home in the city or suburbs it will be difficult to get the pictures.
gp-81aad92d-f9ff-444d-b519-0dc06f7ffa70,google_play,2019-04-12,1,3.6.11,,"Instead of trying to trick people you should let them know that you have to pay to use this app, And how much each 3-D design costs. Then they wouldn't be surprised when they get an email telling them that they have to pay for their model."
gp-c96302bc-1543-4aca-b068-397d2721cea6,google_play,2019-04-10,1,3.6.11,,"Good grief. I refused my location so I couldn't upload a picture of my house (that I already have) even though it had the address. I was told to reinstall. I allowed the location. Then I was told it needed access to my camera and video. there's no need for video, it takes pics from the internet of the location. I was told to reinstall. Not going to reinstall. what a waste of my time! I just wanted to see different applications of facing and colors on my house. Gladly going elsewhere!"
gp-ef78f4d2-7530-4da7-b85a-4cfa299cf418,google_play,2019-04-06,2,3.6.11,,"Great 3D rendering but very difficult to do anything with it. Cumbersome- lots of clicks and scrolling to effect changes. Limited to certain brands of material. Extremely limited paint color options. it works ok as an idea sandbox but to be a worthwhile tool it needs lots of enhancements. id start with a clipboard option: memory of what new feature you are applying so you dont have to reselect for every surface. then add custom colors, etc. needs work."
as-3975313872,app_store,2019-04-05,5,3.6.11,Drey-C owner APC Construction,"My name is Drey-C and  I am the owner of APC Construction and Renovations Company, and I recommend 100% the use of this app, it is  an excellent work tool, they have a fair price, and very good costumer service.
Every contractor should use it.
It is awesome.!!!"
as-3970372132,app_store,2019-04-04,5,3.6.11,Voila!!,"Hover Team,
Using the Hover app and working with your support team has been an amazing experience. I wasn’t sure if the photos I submitted would make the “cut” as there were hardly any clear vantage points to get photos of the sides of the home; I had already selected “ the best that I can do” eight times, lol. So I thought that I would have to settle for the roof measurements only. I was wrong. Miriam and Adam stepped in, did their Hover magic along with thorough costumer support and Voila! I received the roof measurements, openings as well as the siding & 3D diagram. Awesome Job! Under Promised Over Delivered."
as-3964632997,app_store,2019-04-03,1,3.6.10,Not a good tool for measuring: takes too long,"My mother and I went out to measure a house: she with a measuring tape, and me, armed with the latest technology in home measurement.  She measures the house in 10 minutes.  I took photos with the Hover app in around the same time frame.  When we were done, she had a complete set of measurements, while I had a 24 hour wait and a charge for the privilege of viewing my measurements."
as-3948577130,app_store,2019-03-30,1,3.6.10,Car wraps,Can this be used on different shapes like cars ?    Would like to know before I purchase
as-3877932840,app_store,2019-03-13,5,3.5.77,Couldn’t be easier,"Simple, straightforward and great results."
as-3873140554,app_store,2019-03-12,5,3.5.77,Amazing app,"As a homeowner, I was preparing to do some siding and other work on our home. Trying to be sure that I’m not being overcharged by contractors overestimating materials, I was looking for an app that I could measure my home with.  A Google search had several recommendations for Hover.

I downloaded the app, snapped 8 to 10 photos and uploaded them. Within a day, I had a very detailed 3-D model. I was able to go on the app and select the manufacturer of my siding and the color choices. My wife and I had selected a blue colored siding and with the 3-D model, realized that the blue would not match the brick very well. So this most likely saved us from installing a siding color that we would regret. 

On the home owner version of the app, you do not receive the measurements.  However, I was able to work with Adam and he assisted me in getting those and in resolving issues.  Highly recommend this app, even if just for creating the 3-D model without the measurements."
gp-96c0e4e5-25bc-433b-93ea-55b33e120cc3,google_play,2019-03-01,2,,,its cool to have drawings and measurements but something i can do myself in an hour versus wasting 50 bucks to be lazy. is it even really accurate if theres a fence or bushes in the way then what. 50 is too much id pay 15 bucks max
as-3813407957,app_store,2019-02-25,5,3.5.77,Jimmy,Great app Super Easy to use details were spot on for my purposes 3D modeling
as-3767557398,app_store,2019-02-13,1,3.5.62,PICTURES VANISH,"So far not impressed.  When I try to upload, jobs vanish off app like they were never there.  Luckily still on camera roll.  Having to email pics to HOVER.   As a result I have been waiting a week so far for emailed results.  This holds up getting paid.  Support staff is very nice but has not offered a solution to the problem."
gp-3c7ea026-21df-4957-8d15-8e7dd723754b,google_play,2019-02-06,1,,,junk a×× junk. all they do is take your pictures render it to 3d than keep it for their app. you'll never see anything you need.
as-3718123221,app_store,2019-01-31,5,3.5.50,Awesome app,No problems great app
as-3691629883,app_store,2019-01-24,3,3.5.50,Missing a measurement,Looks great haven’t tried it yet but if you know anything about Xactimate your missing a huge measurement! Insurance adjuster have to add all dimensions including the gable height or this does us no good!
as-3691003697,app_store,2019-01-24,1,3.5.50,Hover round,It’s crap. I’m building a house. They couldn’t seem to get the address right from the start and then they want me to go out and take measurements so they can produce a profile. I don’t have time to mess with it. No recommendations on my part. Good luck....
as-3689831791,app_store,2019-01-24,5,3.5.50,Wonderful Experience! Just what I needed,"This app and the Hover team is awesome. I needed a 3D model of my home and found this. I snapped a few pictures of my house within the app, following the hover directions, and submitted them. It wasn’t long until I had my 3D model. It was very accurate. I needed a small change due to some detail missed on my photos (my fault).  They were able to correct them quickly. I highly recommend this app/service."
gp-874adc49-9b86-4ac7-a356-735cb5d21c4e,google_play,2019-01-17,1,3.5.51,,"frustrating...does not take photos unless one maneuvers a lot, every attempt failed..."
gp-5ddfbfdd-48fb-46a5-92ef-8f6b8bbf72ba,google_play,2019-01-16,4,3.5.51,,Pretty good app. Just make sure you use a 15% waste factor. I have been short a few times.
as-3649381248,app_store,2019-01-14,5,3.5.50,Wow,This is so much easier and convenient. I love this app..
gp-541ae9b8-5866-40de-8723-7980e372745b,google_play,2019-01-14,1,3.5.50,,read carefully... Only One chance to test it for free then wants to charge!!!! I really wanted to try it.. but signed in not as a buisness providing the remodeling service... (not Homeowner being invited). :( it says I have 1 free use then have to Pay!!! I haven't even seen if it works for me!! it should be set up to where when the buisness wants to send to a client then It charges... Really hope admin has a resolve for me... I'll test and change my rating it looks promising.. hopeful
as-3613083625,app_store,2019-01-04,4,3.5.33,Good App,"This is a great app, but could be greater if these two things could be added:  A Save function, and an Undo function."
as-3520726997,app_store,2018-12-11,5,3.5.31,Can’t believe it!,The house is close to the neighbor but it worked.
gp-86bf0bf7-5142-45cb-abd5-ff72c6ab7b5d,google_play,2018-12-07,1,3.5.12,,If you have a 2 story home with a covered patio that is attached to 2 sides of your house it will not work. You can't take accurate pics. If you had a square house it would work.
as-3466699357,app_store,2018-11-27,5,3.5.12,Don32162,"A friend told me about this app and I find it incredible! I live in The Villages, Fl where houses are built with 5 foot side yards and 10 foot backyards so even moving up against the adjacent house you can't get the house in the frame from the side shots, and the rears are tight, so they manage to get these dimensions primarily from the front and corner shots. I used the app on both my and a friend's house and am impressed by what the creators and their team have produced! The dimensions are spot on, and even my front screen porch and rear screen lanai even show the exact aluminum structural components. Obviously the programmers/engineers must have this tied into mapping software because the reports show compass orientation of the houses. It reflected exactly how my house and my friend's are situated on our properties. I am totally amazed at this which will be handy for my projects and I will show this to friends who are professionals in the building trades!!!! Good job."
gp-ce76d05c-9f65-4dcf-9c02-2ea08e2cb120,google_play,2018-11-27,5,3.5.12,,Good morning to all.  This is a great program and if you need to see your house in 3D this is the program.  This program will give you your measurement on the roof without you having to go up there.  these guys have a great program and if you do not believe me just try it.  when i was done with all of my pictures i upload and in less than 6 hours i had my 3D image of my house. I asked for the measurement and i received a 27 page report.  Awesome
as-3347386902,app_store,2018-10-26,3,3.4.82,Xactimate,Can this program be uploaded to Xactimate?
gp-052fc8b0-88f0-44df-842a-cdcfb691ba2f,google_play,2018-10-23,2,3.4.81,,The Hover Now feature is not for instant squares. At times it can take over 4-5 hours for a quick measure and at others a couple days. The measurements that it sends are typically way off. Then a few hours later I'll receive an email with a revised measure that's closer. It's a Now feature because I need it then (within 20-30 minutes) not days later and be completely wrong.
as-3330050498,app_store,2018-10-22,1,3.4.80,Not professional tool - amateurs only,"If you are professional this is not for you.  Looks like they just use pictometry... great for DIY’ers.  

More disturbing is that amount of information requested to use the service, which make me think they are resellers of a true professional grade tools wrapped around this app."
gp-ccca26c7-a20c-4466-96da-c425ba542fd2,google_play,2018-10-16,5,,,"App was easy to use, takes awhile to open sometimes, and the first project that I put in took awhile to download the report. Deleting from my phone to reinstall on my tablet to see if the glitches are still there. Other than that love the report very informative very user-friendly."
gp-c01febd5-2024-44b6-9ec8-825f70a214d7,google_play,2018-10-13,5,3.4.81,,"The app is great. Idk why the score is low. It won't tell you certain things, but in coordination with a contractor that knows what he is doing, it does wonders."
as-3200539712,app_store,2018-09-17,1,3.4.65,Hover reports,"One star review because when I pay for a hover those measurements are only available for a certain time. we basically pay for measurements that we don’t have anymore over a certain time. 

So if we have repeat customers we have to re order and pay for measurements we already payed for. 

I would not recommend hover."
as-3165946374,app_store,2018-09-07,5,3.4.36,Flabbergasted in the small town of Toto Indiana,"I was completely blown away with the simplicity of this application. I have always been interested in architectural design and civil engineering. I’ve wanted so badly to design homes and structures as not only a career but a passion as well . For the average design geek to be able to use a CAD program with such ease would be extremely costly- To put it into dollars and cents - the professional design programs can cost up to $9,000 . What Hover does for the average “Joe” design geek is outstanding. Hover delivers an application where one can literally design an entire home with ease and minimal effort. The app is very instrumental in allowing first time business owners the opportunity to launch what can easily become an extremely lucrative business, Llc and or Corporation. This can all be done by any smartphone, device etc..at a very affordable price not to mention the completely free demo offered to get your design wheels turning while becoming acclimated with Hover !!! I just can’t stop talking about this let alone showing everyone around me what I’m doing with such ease ! I would recommend it to any architect or designer and absolutely anyone in the construction field! Thank you Hover 
                      Sincerely, Stephan W. Buckingham"
as-3068839703,app_store,2018-08-15,5,3.4.25,Amazing app,"This is impressive. My house is on a tight lot. Even with horribly angled photos, this app was able to perfectly render an exact image of my house. I was shocked. Absolutely and positively pure voodoo magic. And it is free! They seriously need to expand on this to render landscaping, terrain, decks and more. This is a must have application for any homeowner."
as-2969484325,app_store,2018-07-25,1,3.4.25,Hover is crap,Several of us downloaded the app but none of us could create an account. Put in our email address and then new password to create the account and it just hangs. Nothing. Waste.
as-2964070680,app_store,2018-07-24,5,3.4.25,Hover Review,Nice. Easy to use. One of a kind.
as-2930997066,app_store,2018-07-18,5,3.4.22,"Wow, this app is awesome!!!","I’ve used this app now about a dozen times and it’s awesome. Easy to use, and very accurate."
as-2680818941,app_store,2018-06-12,1,3.3.98,Not very useful to me.,3d image is cool but can’t show a custom deck I’m trying to build. Seems like an app for ppl who can’t measure accurately. I was u fee impression it was 3-30 day trial. Then got charged. Useless app to me
as-2639298183,app_store,2018-06-04,5,3.3.96,Wow!,"I’m totally surprised on how well this works. 
But please:
Add an option to change the entrance door color
It’s unclear what are all the options till you navigate really deep. Please show pictures and colors instead of using names that a regular person has no idea what they are..."
as-2568082046,app_store,2018-05-19,4,3.3.81,Great app,It a great app! However it does not have all the tools needed to make your home actually what you wanted it to look like. There no front door and garage door option.
as-2451112316,app_store,2018-04-21,4,3.3.70,Amazing app,"4 star rating simply because as a property adjuster, it does not provides me the comparable file to integrate it with Xactimate. It it did, that would be amazing. The customer would have a fair and accurate estimate report and payout... developers, please make an effort to have a file format that can be compatible with Xactimate version 28..."
as-2419842685,app_store,2018-04-13,5,3.3.48,Love it,Fun to play with
as-2419472585,app_store,2018-04-13,5,3.3.48,Awesome,This is awesome. I love the 3D model and the measurements are spot on.
as-1805980255,app_store,2017-09-23,5,3.1.43,The best program,I work at Home Depot and have been looking for a way to calculate siding for my house and this app appeared in my training. It is the best program I have found for doing calculations on my house. Professionals and DYIer's can use this program with ease. Just take the pictures of structure wait a few hours and you have everything you need to buy materials.
as-1764192559,app_store,2017-08-31,5,3.1.43,Exceptional,I myself am all about presentation and of course quality. In out book quality is doing it rite when no one is looking. We strive to stand apart from competition and HOVER by all means does that. This is for Pro's or even aspiring Pro's. Worth every bit. Five stars from us!!
as-1759621721,app_store,2017-08-29,2,3.1.29,I don't like it,I somewhat don't like it
as-1733605570,app_store,2017-08-18,5,3.1.29,Great service for a roofing and siding pro,"I have been looking for something like this to save time and present a professional PDF to prospects. Nice work!

As the next goal, please create a way to get simply roof pics and measurements without having to get sides. I live in NYC and most homes are attached, so no side pics. I can always get roof pics though.   ALSO, please allow me to add pics from my gallery instead of having to take pics from the app. I use a drone for my roof shots and would like to upload them from my picture folder.  Thanks!"
as-1718509292,app_store,2017-08-08,5,3.1.29,Wow!  Just wow,"Short Version: Great app; does what it says and then some. Couldn't be more impressed. Accurate time saver.  LOVE IT!

Long V: I'm a residential remodeling contractor of 20+ years.  I've seen neat apps that take more time and effort than they're worth;  this app is different.  It delivers and literally took a few minutes.  If it takes longer, you're doing something wrong. The first house I submitted is on a dramatic slope, has tons of trees blocking a clear view and because of the layout prevented me from moving back far enough to capture the house as I should.  In a few hours I got the report.  It was accurate to a detail I couldn't believe.  awesome app.  I'm sure there can be improvements, just not sure what they would be right now."
as-1718343246,app_store,2017-08-08,3,3.1.29,It's ok so far,I'm just now downloading the app. I'll be hovering in a few hours when daylight shows.
as-1698228616,app_store,2017-07-25,5,3.1.26,Wow.,"When working on a budget for our garage roof, it was super easy and fun to create an accurate 3d model with dimensions. Magic."
as-1697801777,app_store,2017-07-25,5,3.1.26,Nice for understanding size if roof.,Are used it last night worked great and had my square footage this morning thanks
as-1690635159,app_store,2017-07-20,1,3.1.18,Pointless,"Started using this two weekends ago. They said I would have results in 24 hours. Two weeks later, still waiting for results."
as-1683818452,app_store,2017-07-15,1,3.1.18,"If you want to immediately start receiving spam, this app is for you!!","Junk!  Totally and thoroughly, but I now get spam from them trying to sell me their ""professional""  package despite unsubscribing repeatedly.  

Spam Pro, now with aggression!!"
as-1683679055,app_store,2017-07-15,5,3.1.18,Fantastic application for measuring 3-D home-improvement projects.,"You can place sample colors on a model home taken from pictures of your home:  I am sure they will eventually make the turnaround time much quicker, but the results are fantastic!"
as-1674908150,app_store,2017-07-08,1,3.0.9,Sign up ??,For what?
as-1668975310,app_store,2017-07-04,5,3.0.9,Wow!,"I didn't think, as I was taking the pictures around the house, that this was going work. Was I wrong.  It figured out areas of the house I could' get a picture of very well. Nice."
as-1660125718,app_store,2017-06-27,5,3.0.9,Very easy to use and very accurate!! Simple awesome!!,Very easy to use! Very accurate!! Simple awesome!!!
as-1652118927,app_store,2017-06-21,5,3.0.9,Amazing,I find this app simply amazing in that it does exactly what it advertises. I'm not a surveyor or in the construction field but I wanted to see if it could do what it claims. It does. I now have the measurements of my house and an accurate 3D model just from taking 8 photos. Outstanding work !!!!'
as-1651231562,app_store,2017-06-20,1,3.0.9,Can't use,App displays a pop up after entering information as a new user.  Just says error.  Facebook signup did not work either.   Button on the bottom of the login screen did not work.
as-1648105193,app_store,2017-06-17,5,3.0.9,Absolutely amazing,"I never do reviews but I just had to for this one. This app is so wonderful. I have been looking for an app like this for years. Well, someone showed be HOVER and I fell in love. I was a bit skeptical at first, but after doing my house and receiving it in 3D and such, I am absolutely amazed. This app is beyond easy to use, with a nice assortment of options, too. I will be using this everywhere I go now! Thank you SO MUCH, creators of HOVER. This app is just spectacular."
as-1646357923,app_store,2017-06-16,1,3.0.9,Needs work,App won't open on iPhone 7. After logging in with Facebook it closes app.
as-1639711727,app_store,2017-06-10,2,3.0.3,To expensive.,It's a great app I'm a contractor and it works great but i go on 3 estimates a day for roofs and windows and siding. It would cost me over a hundreds a day to use it every time. This should be a one time fee yearly.  Not an individual charge for each estimate.
as-1636771226,app_store,2017-06-07,1,3.0.3,I Got Nothing,"Downloaded and attempted logging in through FB, and it crashed. Tried 2 more times and got the same result, so I deleted it."
as-1631101061,app_store,2017-06-01,1,3.0.3,Didn't get the app,Not sure what the purpose of this app is for. Downloaded it checked it out and then deleted it. Couldn't think of any reason to have this app.
as-1601842547,app_store,2017-04-30,5,2.0.97,Great App,This app is extremely accurate and does all the work. It saves me so many hours per week.
as-1597754220,app_store,2017-04-25,2,2.0.95,Opening problems,"So I tried to use the app the firs time and when I get to the part where I have to take photos it freezes up. I have allowed access to loc, camera, and gallery so it isn't anything like that... but it completely freezes even when I close the app it opens up to that same part... I reinstalled the app and I have the same problem... what's up? Is possible this is user error. Anyway tech support can get back to me? I work for major insurance carriers and we are looking for a app like this to use nationwide."
as-1579117493,app_store,2017-04-02,5,2.0.83,Unbelievable,"This software is amazing. I have a building that I'm considering renovating. I thought I'd put this software to the test. I took 4 pictures of the building and submitted it. It came back in less than 24 hours with a 3-d view of my building, showing windows, doors, roof pitch, and siding. It gave me the dimensions and amount of shingles's I would need to reroof the place. Also the amount of siding and soffit material. There is no charge for the software unless you go Pro after 30 days. If I was a contractor doing roofs and siding I would pay the price. Since I'm just a guy with my own project, this is a one time deal. There is no charge. Just don't renew after 30 days. It's amazing!"
as-1578062527,app_store,2017-04-01,2,2.0.83,Awesome,... way to get me interested in upgrading to the Pro version.
as-1537972060,app_store,2017-02-05,2,2.0.50,Cool but lacking,The first 3D model was pretty cool but I would have liked to be able to change the color of the garage door and even the front door. Also the colors offered aren't really all that great. I selected dark blue shutters and they look ocean blue. Not a very good way to match colors. I don't care about brands... just give me a color wheel that I can pick from. I can find any color from any brand when I need to. I just want to see the colors on the house.
as-1530562890,app_store,2017-01-25,2,2.0.50,Glitchy,Great idea and it worked for one day. Now it's not working and keeps freezing. Please fix the glitches and your ratings will get better.
as-1526839794,app_store,2017-01-20,1,2.0.50,Ratings,"Wow!!! This is an Amazing App. Yet it's still incomplete. I Desire an App for the Inside of a home and not just the Exterior. Such as the Measurements of the Floors, Walls, Bathrooms, etc."
as-1500262969,app_store,2016-12-11,1,2.0.39,Data mining,You have to create an account and hand over a bunch of personal information just to try it. Customizations appear to be just a selection of paid product placements.
as-1444989098,app_store,2016-09-05,5,2.0.22,The coolest app for any Contractor!,"I am amazed by snapping a few pics that this app can give me the square footage I need and convert all my pics to a full scale 3D model. I can change paint colors of trim, siding, Windows, shingles ect! Just wow!"
as-1398640396,app_store,2016-06-22,5,2.0.1,Amazing,Great app and great support team
as-1374487369,app_store,2016-05-06,1,1.7.0,Worthless,Nothing more I can say
as-1361074298,app_store,2016-04-09,1,1.7.0,D.O.A.,"Entered property type, menu says I have one stored, but couldn't figure how to access.  When I click photo button to take picture of property, get message 'locating property' and nothing happens.  Not intuitive."
as-1351314306,app_store,2016-03-21,5,1.6.5,Game Changer!,"Hover 3D is incredible!  With just a few clicks from my phone I get an incredible 3D rendering of my customer’s house, with measurements, and the ability to show them what my work would look like.  It saves me a ton of time and gives my customers the confidence that we will be delivering on the work they want to happen.  It’s helping me win new business and grow my existing client base.  

Looking forward to many more jobs with Hover!"
as-1347887490,app_store,2016-03-14,1,1.6.5,Hover,This app does not work with the picture you take only with the sample they give you
as-1346135127,app_store,2016-03-11,5,1.6.5,Outstanding App,"I downloaded this app to do some work on the outside of my home . I was blown away by the quality and detail I received back. You just take a few pictures of your home with you phone or iPad etc. Upload them and send them. In a day or so you get a notification from Hover. You open up the app and there are full drawings of the home with 3D designs that you can spin, flip, move and modify. It's so cool. I'd rate this app with a 10 if I could. 
Well done and I'm very happy with this product. Try it. I'm telling you it's Awesome !"
